baseline_id,variant_id,transform,scaling,top_variable_genes,task_id,status,validation_ok,release_status,n_predictions,macro_f1,balanced_accuracy,auroc,calibration_error,mission_discrimination,genotype_holdout_delta,light_treatment_holdout_delta,condition_stratum_holdout_delta,output_dir,predictions,metrics,run_manifest,fold_family,claim_boundary
multispecies_interaction_nearest_centroid,tvg100_log1p_zscore,log1p,zscore,100,draft_osd120_arabidopsis_root_light_interaction_spaceflight,evaluated,True,draft_not_frozen,36,0.8017309205,0.8055555556,0.7777777778,0.292477947,,0.08333333333,,,v9/multispecies/reports/interaction_sensitivity/tvg100_log1p_zscore/primary_genotype_or_ecotype_holdout/draft_osd120_arabidopsis_root_light_interaction_spaceflight,v9/multispecies/reports/interaction_sensitivity/tvg100_log1p_zscore/primary_genotype_or_ecotype_holdout/draft_osd120_arabidopsis_root_light_interaction_spaceflight/predictions.csv,v9/multispecies/reports/interaction_sensitivity/tvg100_log1p_zscore/primary_genotype_or_ecotype_holdout/draft_osd120_arabidopsis_root_light_interaction_spaceflight/metrics.json,v9/multispecies/reports/interaction_sensitivity/tvg100_log1p_zscore/primary_genotype_or_ecotype_holdout/draft_osd120_arabidopsis_root_light_interaction_spaceflight/run_manifest.json,primary_genotype_or_ecotype_holdout,draft_interaction_sensitivity_only_not_leaderboard
multispecies_interaction_nearest_centroid,tvg100_log1p_zscore,log1p,zscore,100,draft_osd120_arabidopsis_root_light_interaction_spaceflight,evaluated,True,draft_not_frozen,36,0.6493506494,0.6666666667,0.7345679012,0.1555650094,,,0.1111111111,,v9/multispecies/reports/interaction_sensitivity/tvg100_log1p_zscore/secondary_light_treatment_holdout/draft_osd120_arabidopsis_root_light_interaction_spaceflight,v9/multispecies/reports/interaction_sensitivity/tvg100_log1p_zscore/secondary_light_treatment_holdout/draft_osd120_arabidopsis_root_light_interaction_spaceflight/predictions.csv,v9/multispecies/reports/interaction_sensitivity/tvg100_log1p_zscore/secondary_light_treatment_holdout/draft_osd120_arabidopsis_root_light_interaction_spaceflight/metrics.json,v9/multispecies/reports/interaction_sensitivity/tvg100_log1p_zscore/secondary_light_treatment_holdout/draft_osd120_arabidopsis_root_light_interaction_spaceflight/run_manifest.json,secondary_light_treatment_holdout,draft_interaction_sensitivity_only_not_leaderboard
multispecies_interaction_nearest_centroid,tvg100_log1p_zscore,log1p,zscore,100,draft_osd120_arabidopsis_root_light_interaction_spaceflight,evaluated,True,draft_not_frozen,36,0.7222222222,0.7222222222,0.8024691358,0.2148019566,,,,0.5,v9/multispecies/reports/interaction_sensitivity/tvg100_log1p_zscore/diagnostic_condition_stratum_holdout/draft_osd120_arabidopsis_root_light_interaction_spaceflight,v9/multispecies/reports/interaction_sensitivity/tvg100_log1p_zscore/diagnostic_condition_stratum_holdout/draft_osd120_arabidopsis_root_light_interaction_spaceflight/predictions.csv,v9/multispecies/reports/interaction_sensitivity/tvg100_log1p_zscore/diagnostic_condition_stratum_holdout/draft_osd120_arabidopsis_root_light_interaction_spaceflight/metrics.json,v9/multispecies/reports/interaction_sensitivity/tvg100_log1p_zscore/diagnostic_condition_stratum_holdout/draft_osd120_arabidopsis_root_light_interaction_spaceflight/run_manifest.json,diagnostic_condition_stratum_holdout,draft_interaction_sensitivity_only_not_leaderboard
multispecies_interaction_nearest_centroid,tvg500_log1p_zscore,log1p,zscore,500,draft_osd120_arabidopsis_root_light_interaction_spaceflight,evaluated,True,draft_not_frozen,36,0.775,0.7777777778,0.7901234568,0.2542968054,,0.25,,,v9/multispecies/reports/interaction_sensitivity/tvg500_log1p_zscore/primary_genotype_or_ecotype_holdout/draft_osd120_arabidopsis_root_light_interaction_spaceflight,v9/multispecies/reports/interaction_sensitivity/tvg500_log1p_zscore/primary_genotype_or_ecotype_holdout/draft_osd120_arabidopsis_root_light_interaction_spaceflight/predictions.csv,v9/multispecies/reports/interaction_sensitivity/tvg500_log1p_zscore/primary_genotype_or_ecotype_holdout/draft_osd120_arabidopsis_root_light_interaction_spaceflight/metrics.json,v9/multispecies/reports/interaction_sensitivity/tvg500_log1p_zscore/primary_genotype_or_ecotype_holdout/draft_osd120_arabidopsis_root_light_interaction_spaceflight/run_manifest.json,primary_genotype_or_ecotype_holdout,draft_interaction_sensitivity_only_not_leaderboard
multispecies_interaction_nearest_centroid,tvg500_log1p_zscore,log1p,zscore,500,draft_osd120_arabidopsis_root_light_interaction_spaceflight,evaluated,True,draft_not_frozen,36,0.6571428571,0.6666666667,0.7716049383,0.1411634894,,,0.2222222222,,v9/multispecies/reports/interaction_sensitivity/tvg500_log1p_zscore/secondary_light_treatment_holdout/draft_osd120_arabidopsis_root_light_interaction_spaceflight,v9/multispecies/reports/interaction_sensitivity/tvg500_log1p_zscore/secondary_light_treatment_holdout/draft_osd120_arabidopsis_root_light_interaction_spaceflight/predictions.csv,v9/multispecies/reports/interaction_sensitivity/tvg500_log1p_zscore/secondary_light_treatment_holdout/draft_osd120_arabidopsis_root_light_interaction_spaceflight/metrics.json,v9/multispecies/reports/interaction_sensitivity/tvg500_log1p_zscore/secondary_light_treatment_holdout/draft_osd120_arabidopsis_root_light_interaction_spaceflight/run_manifest.json,secondary_light_treatment_holdout,draft_interaction_sensitivity_only_not_leaderboard
multispecies_interaction_nearest_centroid,tvg500_log1p_zscore,log1p,zscore,500,draft_osd120_arabidopsis_root_light_interaction_spaceflight,evaluated,True,draft_not_frozen,36,0.7498069498,0.75,0.7932098765,0.2285712812,,,,0.5,v9/multispecies/reports/interaction_sensitivity/tvg500_log1p_zscore/diagnostic_condition_stratum_holdout/draft_osd120_arabidopsis_root_light_interaction_spaceflight,v9/multispecies/reports/interaction_sensitivity/tvg500_log1p_zscore/diagnostic_condition_stratum_holdout/draft_osd120_arabidopsis_root_light_interaction_spaceflight/predictions.csv,v9/multispecies/reports/interaction_sensitivity/tvg500_log1p_zscore/diagnostic_condition_stratum_holdout/draft_osd120_arabidopsis_root_light_interaction_spaceflight/metrics.json,v9/multispecies/reports/interaction_sensitivity/tvg500_log1p_zscore/diagnostic_condition_stratum_holdout/draft_osd120_arabidopsis_root_light_interaction_spaceflight/run_manifest.json,diagnostic_condition_stratum_holdout,draft_interaction_sensitivity_only_not_leaderboard
multispecies_interaction_nearest_centroid,tvg2000_log1p_zscore,log1p,zscore,2000,draft_osd120_arabidopsis_root_light_interaction_spaceflight,evaluated,True,draft_not_frozen,36,0.6666666667,0.6666666667,0.7345679012,0.1408110781,,0.25,,,v9/multispecies/reports/interaction_sensitivity/tvg2000_log1p_zscore/primary_genotype_or_ecotype_holdout/draft_osd120_arabidopsis_root_light_interaction_spaceflight,v9/multispecies/reports/interaction_sensitivity/tvg2000_log1p_zscore/primary_genotype_or_ecotype_holdout/draft_osd120_arabidopsis_root_light_interaction_spaceflight/predictions.csv,v9/multispecies/reports/interaction_sensitivity/tvg2000_log1p_zscore/primary_genotype_or_ecotype_holdout/draft_osd120_arabidopsis_root_light_interaction_spaceflight/metrics.json,v9/multispecies/reports/interaction_sensitivity/tvg2000_log1p_zscore/primary_genotype_or_ecotype_holdout/draft_osd120_arabidopsis_root_light_interaction_spaceflight/run_manifest.json,primary_genotype_or_ecotype_holdout,draft_interaction_sensitivity_only_not_leaderboard
multispecies_interaction_nearest_centroid,tvg2000_log1p_zscore,log1p,zscore,2000,draft_osd120_arabidopsis_root_light_interaction_spaceflight,evaluated,True,draft_not_frozen,36,0.6625,0.6666666667,0.7839506173,0.1363590013,,,0.2222222222,,v9/multispecies/reports/interaction_sensitivity/tvg2000_log1p_zscore/secondary_light_treatment_holdout/draft_osd120_arabidopsis_root_light_interaction_spaceflight,v9/multispecies/reports/interaction_sensitivity/tvg2000_log1p_zscore/secondary_light_treatment_holdout/draft_osd120_arabidopsis_root_light_interaction_spaceflight/predictions.csv,v9/multispecies/reports/interaction_sensitivity/tvg2000_log1p_zscore/secondary_light_treatment_holdout/draft_osd120_arabidopsis_root_light_interaction_spaceflight/metrics.json,v9/multispecies/reports/interaction_sensitivity/tvg2000_log1p_zscore/secondary_light_treatment_holdout/draft_osd120_arabidopsis_root_light_interaction_spaceflight/run_manifest.json,secondary_light_treatment_holdout,draft_interaction_sensitivity_only_not_leaderboard
multispecies_interaction_nearest_centroid,tvg2000_log1p_zscore,log1p,zscore,2000,draft_osd120_arabidopsis_root_light_interaction_spaceflight,evaluated,True,draft_not_frozen,36,0.6666666667,0.6666666667,0.7654320988,0.1414775035,,,,0.3333333333,v9/multispecies/reports/interaction_sensitivity/tvg2000_log1p_zscore/diagnostic_condition_stratum_holdout/draft_osd120_arabidopsis_root_light_interaction_spaceflight,v9/multispecies/reports/interaction_sensitivity/tvg2000_log1p_zscore/diagnostic_condition_stratum_holdout/draft_osd120_arabidopsis_root_light_interaction_spaceflight/predictions.csv,v9/multispecies/reports/interaction_sensitivity/tvg2000_log1p_zscore/diagnostic_condition_stratum_holdout/draft_osd120_arabidopsis_root_light_interaction_spaceflight/metrics.json,v9/multispecies/reports/interaction_sensitivity/tvg2000_log1p_zscore/diagnostic_condition_stratum_holdout/draft_osd120_arabidopsis_root_light_interaction_spaceflight/run_manifest.json,diagnostic_condition_stratum_holdout,draft_interaction_sensitivity_only_not_leaderboard
multispecies_interaction_nearest_centroid,tvg5000_log1p_zscore,log1p,zscore,5000,draft_osd120_arabidopsis_root_light_interaction_spaceflight,evaluated,True,draft_not_frozen,36,0.6942084942,0.6944444444,0.7191358025,0.1736305559,,0.3333333333,,,v9/multispecies/reports/interaction_sensitivity/tvg5000_log1p_zscore/primary_genotype_or_ecotype_holdout/draft_osd120_arabidopsis_root_light_interaction_spaceflight,v9/multispecies/reports/interaction_sensitivity/tvg5000_log1p_zscore/primary_genotype_or_ecotype_holdout/draft_osd120_arabidopsis_root_light_interaction_spaceflight/predictions.csv,v9/multispecies/reports/interaction_sensitivity/tvg5000_log1p_zscore/primary_genotype_or_ecotype_holdout/draft_osd120_arabidopsis_root_light_interaction_spaceflight/metrics.json,v9/multispecies/reports/interaction_sensitivity/tvg5000_log1p_zscore/primary_genotype_or_ecotype_holdout/draft_osd120_arabidopsis_root_light_interaction_spaceflight/run_manifest.json,primary_genotype_or_ecotype_holdout,draft_interaction_sensitivity_only_not_leaderboard
multispecies_interaction_nearest_centroid,tvg5000_log1p_zscore,log1p,zscore,5000,draft_osd120_arabidopsis_root_light_interaction_spaceflight,evaluated,True,draft_not_frozen,36,0.6363636364,0.6388888889,0.774691358,0.114396418,,,0.1666666667,,v9/multispecies/reports/interaction_sensitivity/tvg5000_log1p_zscore/secondary_light_treatment_holdout/draft_osd120_arabidopsis_root_light_interaction_spaceflight,v9/multispecies/reports/interaction_sensitivity/tvg5000_log1p_zscore/secondary_light_treatment_holdout/draft_osd120_arabidopsis_root_light_interaction_spaceflight/predictions.csv,v9/multispecies/reports/interaction_sensitivity/tvg5000_log1p_zscore/secondary_light_treatment_holdout/draft_osd120_arabidopsis_root_light_interaction_spaceflight/metrics.json,v9/multispecies/reports/interaction_sensitivity/tvg5000_log1p_zscore/secondary_light_treatment_holdout/draft_osd120_arabidopsis_root_light_interaction_spaceflight/run_manifest.json,secondary_light_treatment_holdout,draft_interaction_sensitivity_only_not_leaderboard
multispecies_interaction_nearest_centroid,tvg5000_log1p_zscore,log1p,zscore,5000,draft_osd120_arabidopsis_root_light_interaction_spaceflight,evaluated,True,draft_not_frozen,36,0.6666666667,0.6666666667,0.7685185185,0.1455035495,,,,0.3333333333,v9/multispecies/reports/interaction_sensitivity/tvg5000_log1p_zscore/diagnostic_condition_stratum_holdout/draft_osd120_arabidopsis_root_light_interaction_spaceflight,v9/multispecies/reports/interaction_sensitivity/tvg5000_log1p_zscore/diagnostic_condition_stratum_holdout/draft_osd120_arabidopsis_root_light_interaction_spaceflight/predictions.csv,v9/multispecies/reports/interaction_sensitivity/tvg5000_log1p_zscore/diagnostic_condition_stratum_holdout/draft_osd120_arabidopsis_root_light_interaction_spaceflight/metrics.json,v9/multispecies/reports/interaction_sensitivity/tvg5000_log1p_zscore/diagnostic_condition_stratum_holdout/draft_osd120_arabidopsis_root_light_interaction_spaceflight/run_manifest.json,diagnostic_condition_stratum_holdout,draft_interaction_sensitivity_only_not_leaderboard
multispecies_interaction_nearest_centroid,tvg24740_log1p_zscore,log1p,zscore,24740,draft_osd120_arabidopsis_root_light_interaction_spaceflight,evaluated,True,draft_not_frozen,36,0.6363636364,0.6388888889,0.6697530864,0.1274146114,,0.1666666667,,,v9/multispecies/reports/interaction_sensitivity/tvg24740_log1p_zscore/primary_genotype_or_ecotype_holdout/draft_osd120_arabidopsis_root_light_interaction_spaceflight,v9/multispecies/reports/interaction_sensitivity/tvg24740_log1p_zscore/primary_genotype_or_ecotype_holdout/draft_osd120_arabidopsis_root_light_interaction_spaceflight/predictions.csv,v9/multispecies/reports/interaction_sensitivity/tvg24740_log1p_zscore/primary_genotype_or_ecotype_holdout/draft_osd120_arabidopsis_root_light_interaction_spaceflight/metrics.json,v9/multispecies/reports/interaction_sensitivity/tvg24740_log1p_zscore/primary_genotype_or_ecotype_holdout/draft_osd120_arabidopsis_root_light_interaction_spaceflight/run_manifest.json,primary_genotype_or_ecotype_holdout,draft_interaction_sensitivity_only_not_leaderboard
multispecies_interaction_nearest_centroid,tvg24740_log1p_zscore,log1p,zscore,24740,draft_osd120_arabidopsis_root_light_interaction_spaceflight,evaluated,True,draft_not_frozen,36,0.5804195804,0.5833333333,0.7067901235,0.06607586741,,,0.05555555556,,v9/multispecies/reports/interaction_sensitivity/tvg24740_log1p_zscore/secondary_light_treatment_holdout/draft_osd120_arabidopsis_root_light_interaction_spaceflight,v9/multispecies/reports/interaction_sensitivity/tvg24740_log1p_zscore/secondary_light_treatment_holdout/draft_osd120_arabidopsis_root_light_interaction_spaceflight/predictions.csv,v9/multispecies/reports/interaction_sensitivity/tvg24740_log1p_zscore/secondary_light_treatment_holdout/draft_osd120_arabidopsis_root_light_interaction_spaceflight/metrics.json,v9/multispecies/reports/interaction_sensitivity/tvg24740_log1p_zscore/secondary_light_treatment_holdout/draft_osd120_arabidopsis_root_light_interaction_spaceflight/run_manifest.json,secondary_light_treatment_holdout,draft_interaction_sensitivity_only_not_leaderboard
multispecies_interaction_nearest_centroid,tvg24740_log1p_zscore,log1p,zscore,24740,draft_osd120_arabidopsis_root_light_interaction_spaceflight,evaluated,True,draft_not_frozen,36,0.6386100386,0.6388888889,0.6882716049,0.1246508173,,,,0.3333333333,v9/multispecies/reports/interaction_sensitivity/tvg24740_log1p_zscore/diagnostic_condition_stratum_holdout/draft_osd120_arabidopsis_root_light_interaction_spaceflight,v9/multispecies/reports/interaction_sensitivity/tvg24740_log1p_zscore/diagnostic_condition_stratum_holdout/draft_osd120_arabidopsis_root_light_interaction_spaceflight/predictions.csv,v9/multispecies/reports/interaction_sensitivity/tvg24740_log1p_zscore/diagnostic_condition_stratum_holdout/draft_osd120_arabidopsis_root_light_interaction_spaceflight/metrics.json,v9/multispecies/reports/interaction_sensitivity/tvg24740_log1p_zscore/diagnostic_condition_stratum_holdout/draft_osd120_arabidopsis_root_light_interaction_spaceflight/run_manifest.json,diagnostic_condition_stratum_holdout,draft_interaction_sensitivity_only_not_leaderboard
multispecies_interaction_nearest_centroid,tvg100_log1p_none,log1p,none,100,draft_osd120_arabidopsis_root_light_interaction_spaceflight,evaluated,True,draft_not_frozen,36,0.8017309205,0.8055555556,0.8024691358,0.2931057425,,0.08333333333,,,v9/multispecies/reports/interaction_sensitivity/tvg100_log1p_none/primary_genotype_or_ecotype_holdout/draft_osd120_arabidopsis_root_light_interaction_spaceflight,v9/multispecies/reports/interaction_sensitivity/tvg100_log1p_none/primary_genotype_or_ecotype_holdout/draft_osd120_arabidopsis_root_light_interaction_spaceflight/predictions.csv,v9/multispecies/reports/interaction_sensitivity/tvg100_log1p_none/primary_genotype_or_ecotype_holdout/draft_osd120_arabidopsis_root_light_interaction_spaceflight/metrics.json,v9/multispecies/reports/interaction_sensitivity/tvg100_log1p_none/primary_genotype_or_ecotype_holdout/draft_osd120_arabidopsis_root_light_interaction_spaceflight/run_manifest.json,primary_genotype_or_ecotype_holdout,draft_interaction_sensitivity_only_not_leaderboard
multispecies_interaction_nearest_centroid,tvg100_log1p_none,log1p,none,100,draft_osd120_arabidopsis_root_light_interaction_spaceflight,evaluated,True,draft_not_frozen,36,0.5404255319,0.5833333333,0.7191358025,0.07276876806,,,0.05555555556,,v9/multispecies/reports/interaction_sensitivity/tvg100_log1p_none/secondary_light_treatment_holdout/draft_osd120_arabidopsis_root_light_interaction_spaceflight,v9/multispecies/reports/interaction_sensitivity/tvg100_log1p_none/secondary_light_treatment_holdout/draft_osd120_arabidopsis_root_light_interaction_spaceflight/predictions.csv,v9/multispecies/reports/interaction_sensitivity/tvg100_log1p_none/secondary_light_treatment_holdout/draft_osd120_arabidopsis_root_light_interaction_spaceflight/metrics.json,v9/multispecies/reports/interaction_sensitivity/tvg100_log1p_none/secondary_light_treatment_holdout/draft_osd120_arabidopsis_root_light_interaction_spaceflight/run_manifest.json,secondary_light_treatment_holdout,draft_interaction_sensitivity_only_not_leaderboard
multispecies_interaction_nearest_centroid,tvg100_log1p_none,log1p,none,100,draft_osd120_arabidopsis_root_light_interaction_spaceflight,evaluated,True,draft_not_frozen,36,0.7498069498,0.75,0.8117283951,0.2433810785,,,,0.5,v9/multispecies/reports/interaction_sensitivity/tvg100_log1p_none/diagnostic_condition_stratum_holdout/draft_osd120_arabidopsis_root_light_interaction_spaceflight,v9/multispecies/reports/interaction_sensitivity/tvg100_log1p_none/diagnostic_condition_stratum_holdout/draft_osd120_arabidopsis_root_light_interaction_spaceflight/predictions.csv,v9/multispecies/reports/interaction_sensitivity/tvg100_log1p_none/diagnostic_condition_stratum_holdout/draft_osd120_arabidopsis_root_light_interaction_spaceflight/metrics.json,v9/multispecies/reports/interaction_sensitivity/tvg100_log1p_none/diagnostic_condition_stratum_holdout/draft_osd120_arabidopsis_root_light_interaction_spaceflight/run_manifest.json,diagnostic_condition_stratum_holdout,draft_interaction_sensitivity_only_not_leaderboard
multispecies_interaction_nearest_centroid,tvg500_log1p_none,log1p,none,500,draft_osd120_arabidopsis_root_light_interaction_spaceflight,evaluated,True,draft_not_frozen,36,0.8017309205,0.8055555556,0.787037037,0.2848235322,,0.1666666667,,,v9/multispecies/reports/interaction_sensitivity/tvg500_log1p_none/primary_genotype_or_ecotype_holdout/draft_osd120_arabidopsis_root_light_interaction_spaceflight,v9/multispecies/reports/interaction_sensitivity/tvg500_log1p_none/primary_genotype_or_ecotype_holdout/draft_osd120_arabidopsis_root_light_interaction_spaceflight/predictions.csv,v9/multispecies/reports/interaction_sensitivity/tvg500_log1p_none/primary_genotype_or_ecotype_holdout/draft_osd120_arabidopsis_root_light_interaction_spaceflight/metrics.json,v9/multispecies/reports/interaction_sensitivity/tvg500_log1p_none/primary_genotype_or_ecotype_holdout/draft_osd120_arabidopsis_root_light_interaction_spaceflight/run_manifest.json,primary_genotype_or_ecotype_holdout,draft_interaction_sensitivity_only_not_leaderboard
multispecies_interaction_nearest_centroid,tvg500_log1p_none,log1p,none,500,draft_osd120_arabidopsis_root_light_interaction_spaceflight,evaluated,True,draft_not_frozen,36,0.6571428571,0.6666666667,0.7592592593,0.1452177044,,,0.2222222222,,v9/multispecies/reports/interaction_sensitivity/tvg500_log1p_none/secondary_light_treatment_holdout/draft_osd120_arabidopsis_root_light_interaction_spaceflight,v9/multispecies/reports/interaction_sensitivity/tvg500_log1p_none/secondary_light_treatment_holdout/draft_osd120_arabidopsis_root_light_interaction_spaceflight/predictions.csv,v9/multispecies/reports/interaction_sensitivity/tvg500_log1p_none/secondary_light_treatment_holdout/draft_osd120_arabidopsis_root_light_interaction_spaceflight/metrics.json,v9/multispecies/reports/interaction_sensitivity/tvg500_log1p_none/secondary_light_treatment_holdout/draft_osd120_arabidopsis_root_light_interaction_spaceflight/run_manifest.json,secondary_light_treatment_holdout,draft_interaction_sensitivity_only_not_leaderboard
multispecies_interaction_nearest_centroid,tvg500_log1p_none,log1p,none,500,draft_osd120_arabidopsis_root_light_interaction_spaceflight,evaluated,True,draft_not_frozen,36,0.7498069498,0.75,0.7932098765,0.2320907917,,,,0.5,v9/multispecies/reports/interaction_sensitivity/tvg500_log1p_none/diagnostic_condition_stratum_holdout/draft_osd120_arabidopsis_root_light_interaction_spaceflight,v9/multispecies/reports/interaction_sensitivity/tvg500_log1p_none/diagnostic_condition_stratum_holdout/draft_osd120_arabidopsis_root_light_interaction_spaceflight/predictions.csv,v9/multispecies/reports/interaction_sensitivity/tvg500_log1p_none/diagnostic_condition_stratum_holdout/draft_osd120_arabidopsis_root_light_interaction_spaceflight/metrics.json,v9/multispecies/reports/interaction_sensitivity/tvg500_log1p_none/diagnostic_condition_stratum_holdout/draft_osd120_arabidopsis_root_light_interaction_spaceflight/run_manifest.json,diagnostic_condition_stratum_holdout,draft_interaction_sensitivity_only_not_leaderboard
multispecies_interaction_nearest_centroid,tvg2000_log1p_none,log1p,none,2000,draft_osd120_arabidopsis_root_light_interaction_spaceflight,evaluated,True,draft_not_frozen,36,0.7213622291,0.7222222222,0.7438271605,0.1980420315,,0.25,,,v9/multispecies/reports/interaction_sensitivity/tvg2000_log1p_none/primary_genotype_or_ecotype_holdout/draft_osd120_arabidopsis_root_light_interaction_spaceflight,v9/multispecies/reports/interaction_sensitivity/tvg2000_log1p_none/primary_genotype_or_ecotype_holdout/draft_osd120_arabidopsis_root_light_interaction_spaceflight/predictions.csv,v9/multispecies/reports/interaction_sensitivity/tvg2000_log1p_none/primary_genotype_or_ecotype_holdout/draft_osd120_arabidopsis_root_light_interaction_spaceflight/metrics.json,v9/multispecies/reports/interaction_sensitivity/tvg2000_log1p_none/primary_genotype_or_ecotype_holdout/draft_osd120_arabidopsis_root_light_interaction_spaceflight/run_manifest.json,primary_genotype_or_ecotype_holdout,draft_interaction_sensitivity_only_not_leaderboard
multispecies_interaction_nearest_centroid,tvg2000_log1p_none,log1p,none,2000,draft_osd120_arabidopsis_root_light_interaction_spaceflight,evaluated,True,draft_not_frozen,36,0.6625,0.6666666667,0.7716049383,0.1388139925,,,0.2222222222,,v9/multispecies/reports/interaction_sensitivity/tvg2000_log1p_none/secondary_light_treatment_holdout/draft_osd120_arabidopsis_root_light_interaction_spaceflight,v9/multispecies/reports/interaction_sensitivity/tvg2000_log1p_none/secondary_light_treatment_holdout/draft_osd120_arabidopsis_root_light_interaction_spaceflight/predictions.csv,v9/multispecies/reports/interaction_sensitivity/tvg2000_log1p_none/secondary_light_treatment_holdout/draft_osd120_arabidopsis_root_light_interaction_spaceflight/metrics.json,v9/multispecies/reports/interaction_sensitivity/tvg2000_log1p_none/secondary_light_treatment_holdout/draft_osd120_arabidopsis_root_light_interaction_spaceflight/run_manifest.json,secondary_light_treatment_holdout,draft_interaction_sensitivity_only_not_leaderboard
multispecies_interaction_nearest_centroid,tvg2000_log1p_none,log1p,none,2000,draft_osd120_arabidopsis_root_light_interaction_spaceflight,evaluated,True,draft_not_frozen,36,0.7498069498,0.75,0.7777777778,0.2268451777,,,,0.3333333333,v9/multispecies/reports/interaction_sensitivity/tvg2000_log1p_none/diagnostic_condition_stratum_holdout/draft_osd120_arabidopsis_root_light_interaction_spaceflight,v9/multispecies/reports/interaction_sensitivity/tvg2000_log1p_none/diagnostic_condition_stratum_holdout/draft_osd120_arabidopsis_root_light_interaction_spaceflight/predictions.csv,v9/multispecies/reports/interaction_sensitivity/tvg2000_log1p_none/diagnostic_condition_stratum_holdout/draft_osd120_arabidopsis_root_light_interaction_spaceflight/metrics.json,v9/multispecies/reports/interaction_sensitivity/tvg2000_log1p_none/diagnostic_condition_stratum_holdout/draft_osd120_arabidopsis_root_light_interaction_spaceflight/run_manifest.json,diagnostic_condition_stratum_holdout,draft_interaction_sensitivity_only_not_leaderboard
multispecies_interaction_nearest_centroid,tvg5000_log1p_none,log1p,none,5000,draft_osd120_arabidopsis_root_light_interaction_spaceflight,evaluated,True,draft_not_frozen,36,0.7482517483,0.75,0.7283950617,0.2284522108,,0.3333333333,,,v9/multispecies/reports/interaction_sensitivity/tvg5000_log1p_none/primary_genotype_or_ecotype_holdout/draft_osd120_arabidopsis_root_light_interaction_spaceflight,v9/multispecies/reports/interaction_sensitivity/tvg5000_log1p_none/primary_genotype_or_ecotype_holdout/draft_osd120_arabidopsis_root_light_interaction_spaceflight/predictions.csv,v9/multispecies/reports/interaction_sensitivity/tvg5000_log1p_none/primary_genotype_or_ecotype_holdout/draft_osd120_arabidopsis_root_light_interaction_spaceflight/metrics.json,v9/multispecies/reports/interaction_sensitivity/tvg5000_log1p_none/primary_genotype_or_ecotype_holdout/draft_osd120_arabidopsis_root_light_interaction_spaceflight/run_manifest.json,primary_genotype_or_ecotype_holdout,draft_interaction_sensitivity_only_not_leaderboard
multispecies_interaction_nearest_centroid,tvg5000_log1p_none,log1p,none,5000,draft_osd120_arabidopsis_root_light_interaction_spaceflight,evaluated,True,draft_not_frozen,36,0.6625,0.6666666667,0.7716049383,0.14155172,,,0.2222222222,,v9/multispecies/reports/interaction_sensitivity/tvg5000_log1p_none/secondary_light_treatment_holdout/draft_osd120_arabidopsis_root_light_interaction_spaceflight,v9/multispecies/reports/interaction_sensitivity/tvg5000_log1p_none/secondary_light_treatment_holdout/draft_osd120_arabidopsis_root_light_interaction_spaceflight/predictions.csv,v9/multispecies/reports/interaction_sensitivity/tvg5000_log1p_none/secondary_light_treatment_holdout/draft_osd120_arabidopsis_root_light_interaction_spaceflight/metrics.json,v9/multispecies/reports/interaction_sensitivity/tvg5000_log1p_none/secondary_light_treatment_holdout/draft_osd120_arabidopsis_root_light_interaction_spaceflight/run_manifest.json,secondary_light_treatment_holdout,draft_interaction_sensitivity_only_not_leaderboard
multispecies_interaction_nearest_centroid,tvg5000_log1p_none,log1p,none,5000,draft_osd120_arabidopsis_root_light_interaction_spaceflight,evaluated,True,draft_not_frozen,36,0.6666666667,0.6666666667,0.7685185185,0.1453217158,,,,0.3333333333,v9/multispecies/reports/interaction_sensitivity/tvg5000_log1p_none/diagnostic_condition_stratum_holdout/draft_osd120_arabidopsis_root_light_interaction_spaceflight,v9/multispecies/reports/interaction_sensitivity/tvg5000_log1p_none/diagnostic_condition_stratum_holdout/draft_osd120_arabidopsis_root_light_interaction_spaceflight/predictions.csv,v9/multispecies/reports/interaction_sensitivity/tvg5000_log1p_none/diagnostic_condition_stratum_holdout/draft_osd120_arabidopsis_root_light_interaction_spaceflight/metrics.json,v9/multispecies/reports/interaction_sensitivity/tvg5000_log1p_none/diagnostic_condition_stratum_holdout/draft_osd120_arabidopsis_root_light_interaction_spaceflight/run_manifest.json,diagnostic_condition_stratum_holdout,draft_interaction_sensitivity_only_not_leaderboard
multispecies_interaction_nearest_centroid,tvg24740_log1p_none,log1p,none,24740,draft_osd120_arabidopsis_root_light_interaction_spaceflight,evaluated,True,draft_not_frozen,36,0.6942084942,0.6944444444,0.725308642,0.1770275117,,0.1666666667,,,v9/multispecies/reports/interaction_sensitivity/tvg24740_log1p_none/primary_genotype_or_ecotype_holdout/draft_osd120_arabidopsis_root_light_interaction_spaceflight,v9/multispecies/reports/interaction_sensitivity/tvg24740_log1p_none/primary_genotype_or_ecotype_holdout/draft_osd120_arabidopsis_root_light_interaction_spaceflight/predictions.csv,v9/multispecies/reports/interaction_sensitivity/tvg24740_log1p_none/primary_genotype_or_ecotype_holdout/draft_osd120_arabidopsis_root_light_interaction_spaceflight/metrics.json,v9/multispecies/reports/interaction_sensitivity/tvg24740_log1p_none/primary_genotype_or_ecotype_holdout/draft_osd120_arabidopsis_root_light_interaction_spaceflight/run_manifest.json,primary_genotype_or_ecotype_holdout,draft_interaction_sensitivity_only_not_leaderboard
multispecies_interaction_nearest_centroid,tvg24740_log1p_none,log1p,none,24740,draft_osd120_arabidopsis_root_light_interaction_spaceflight,evaluated,True,draft_not_frozen,36,0.6099071207,0.6111111111,0.7716049383,0.08908141495,,,0.1111111111,,v9/multispecies/reports/interaction_sensitivity/tvg24740_log1p_none/secondary_light_treatment_holdout/draft_osd120_arabidopsis_root_light_interaction_spaceflight,v9/multispecies/reports/interaction_sensitivity/tvg24740_log1p_none/secondary_light_treatment_holdout/draft_osd120_arabidopsis_root_light_interaction_spaceflight/predictions.csv,v9/multispecies/reports/interaction_sensitivity/tvg24740_log1p_none/secondary_light_treatment_holdout/draft_osd120_arabidopsis_root_light_interaction_spaceflight/metrics.json,v9/multispecies/reports/interaction_sensitivity/tvg24740_log1p_none/secondary_light_treatment_holdout/draft_osd120_arabidopsis_root_light_interaction_spaceflight/run_manifest.json,secondary_light_treatment_holdout,draft_interaction_sensitivity_only_not_leaderboard
multispecies_interaction_nearest_centroid,tvg24740_log1p_none,log1p,none,24740,draft_osd120_arabidopsis_root_light_interaction_spaceflight,evaluated,True,draft_not_frozen,36,0.6666666667,0.6666666667,0.75,0.147849255,,,,0.3333333333,v9/multispecies/reports/interaction_sensitivity/tvg24740_log1p_none/diagnostic_condition_stratum_holdout/draft_osd120_arabidopsis_root_light_interaction_spaceflight,v9/multispecies/reports/interaction_sensitivity/tvg24740_log1p_none/diagnostic_condition_stratum_holdout/draft_osd120_arabidopsis_root_light_interaction_spaceflight/predictions.csv,v9/multispecies/reports/interaction_sensitivity/tvg24740_log1p_none/diagnostic_condition_stratum_holdout/draft_osd120_arabidopsis_root_light_interaction_spaceflight/metrics.json,v9/multispecies/reports/interaction_sensitivity/tvg24740_log1p_none/diagnostic_condition_stratum_holdout/draft_osd120_arabidopsis_root_light_interaction_spaceflight/run_manifest.json,diagnostic_condition_stratum_holdout,draft_interaction_sensitivity_only_not_leaderboard
multispecies_interaction_nearest_centroid,tvg100_none_zscore,none,zscore,100,draft_osd120_arabidopsis_root_light_interaction_spaceflight,evaluated,True,draft_not_frozen,36,0.60625,0.6111111111,0.6512345679,0.07273505397,,0.25,,,v9/multispecies/reports/interaction_sensitivity/tvg100_none_zscore/primary_genotype_or_ecotype_holdout/draft_osd120_arabidopsis_root_light_interaction_spaceflight,v9/multispecies/reports/interaction_sensitivity/tvg100_none_zscore/primary_genotype_or_ecotype_holdout/draft_osd120_arabidopsis_root_light_interaction_spaceflight/predictions.csv,v9/multispecies/reports/interaction_sensitivity/tvg100_none_zscore/primary_genotype_or_ecotype_holdout/draft_osd120_arabidopsis_root_light_interaction_spaceflight/metrics.json,v9/multispecies/reports/interaction_sensitivity/tvg100_none_zscore/primary_genotype_or_ecotype_holdout/draft_osd120_arabidopsis_root_light_interaction_spaceflight/run_manifest.json,primary_genotype_or_ecotype_holdout,draft_interaction_sensitivity_only_not_leaderboard
multispecies_interaction_nearest_centroid,tvg100_none_zscore,none,zscore,100,draft_osd120_arabidopsis_root_light_interaction_spaceflight,evaluated,True,draft_not_frozen,36,0.6099071207,0.6111111111,0.6543209877,0.07358081842,,,0.1111111111,,v9/multispecies/reports/interaction_sensitivity/tvg100_none_zscore/secondary_light_treatment_holdout/draft_osd120_arabidopsis_root_light_interaction_spaceflight,v9/multispecies/reports/interaction_sensitivity/tvg100_none_zscore/secondary_light_treatment_holdout/draft_osd120_arabidopsis_root_light_interaction_spaceflight/predictions.csv,v9/multispecies/reports/interaction_sensitivity/tvg100_none_zscore/secondary_light_treatment_holdout/draft_osd120_arabidopsis_root_light_interaction_spaceflight/metrics.json,v9/multispecies/reports/interaction_sensitivity/tvg100_none_zscore/secondary_light_treatment_holdout/draft_osd120_arabidopsis_root_light_interaction_spaceflight/run_manifest.json,secondary_light_treatment_holdout,draft_interaction_sensitivity_only_not_leaderboard
multispecies_interaction_nearest_centroid,tvg100_none_zscore,none,zscore,100,draft_osd120_arabidopsis_root_light_interaction_spaceflight,evaluated,True,draft_not_frozen,36,0.5274131274,0.5277777778,0.6049382716,0.0047383337,,,,0.3333333333,v9/multispecies/reports/interaction_sensitivity/tvg100_none_zscore/diagnostic_condition_stratum_holdout/draft_osd120_arabidopsis_root_light_interaction_spaceflight,v9/multispecies/reports/interaction_sensitivity/tvg100_none_zscore/diagnostic_condition_stratum_holdout/draft_osd120_arabidopsis_root_light_interaction_spaceflight/predictions.csv,v9/multispecies/reports/interaction_sensitivity/tvg100_none_zscore/diagnostic_condition_stratum_holdout/draft_osd120_arabidopsis_root_light_interaction_spaceflight/metrics.json,v9/multispecies/reports/interaction_sensitivity/tvg100_none_zscore/diagnostic_condition_stratum_holdout/draft_osd120_arabidopsis_root_light_interaction_spaceflight/run_manifest.json,diagnostic_condition_stratum_holdout,draft_interaction_sensitivity_only_not_leaderboard
multispecies_interaction_nearest_centroid,tvg500_none_zscore,none,zscore,500,draft_osd120_arabidopsis_root_light_interaction_spaceflight,evaluated,True,draft_not_frozen,36,0.60625,0.6111111111,0.6820987654,0.07912272182,,0.25,,,v9/multispecies/reports/interaction_sensitivity/tvg500_none_zscore/primary_genotype_or_ecotype_holdout/draft_osd120_arabidopsis_root_light_interaction_spaceflight,v9/multispecies/reports/interaction_sensitivity/tvg500_none_zscore/primary_genotype_or_ecotype_holdout/draft_osd120_arabidopsis_root_light_interaction_spaceflight/predictions.csv,v9/multispecies/reports/interaction_sensitivity/tvg500_none_zscore/primary_genotype_or_ecotype_holdout/draft_osd120_arabidopsis_root_light_interaction_spaceflight/metrics.json,v9/multispecies/reports/interaction_sensitivity/tvg500_none_zscore/primary_genotype_or_ecotype_holdout/draft_osd120_arabidopsis_root_light_interaction_spaceflight/run_manifest.json,primary_genotype_or_ecotype_holdout,draft_interaction_sensitivity_only_not_leaderboard
multispecies_interaction_nearest_centroid,tvg500_none_zscore,none,zscore,500,draft_osd120_arabidopsis_root_light_interaction_spaceflight,evaluated,True,draft_not_frozen,36,0.6386100386,0.6388888889,0.6358024691,0.1039467543,,,0.05555555556,,v9/multispecies/reports/interaction_sensitivity/tvg500_none_zscore/secondary_light_treatment_holdout/draft_osd120_arabidopsis_root_light_interaction_spaceflight,v9/multispecies/reports/interaction_sensitivity/tvg500_none_zscore/secondary_light_treatment_holdout/draft_osd120_arabidopsis_root_light_interaction_spaceflight/predictions.csv,v9/multispecies/reports/interaction_sensitivity/tvg500_none_zscore/secondary_light_treatment_holdout/draft_osd120_arabidopsis_root_light_interaction_spaceflight/metrics.json,v9/multispecies/reports/interaction_sensitivity/tvg500_none_zscore/secondary_light_treatment_holdout/draft_osd120_arabidopsis_root_light_interaction_spaceflight/run_manifest.json,secondary_light_treatment_holdout,draft_interaction_sensitivity_only_not_leaderboard
multispecies_interaction_nearest_centroid,tvg500_none_zscore,none,zscore,500,draft_osd120_arabidopsis_root_light_interaction_spaceflight,evaluated,True,draft_not_frozen,36,0.5541795666,0.5555555556,0.6234567901,0.02504998693,,,,0.3333333333,v9/multispecies/reports/interaction_sensitivity/tvg500_none_zscore/diagnostic_condition_stratum_holdout/draft_osd120_arabidopsis_root_light_interaction_spaceflight,v9/multispecies/reports/interaction_sensitivity/tvg500_none_zscore/diagnostic_condition_stratum_holdout/draft_osd120_arabidopsis_root_light_interaction_spaceflight/predictions.csv,v9/multispecies/reports/interaction_sensitivity/tvg500_none_zscore/diagnostic_condition_stratum_holdout/draft_osd120_arabidopsis_root_light_interaction_spaceflight/metrics.json,v9/multispecies/reports/interaction_sensitivity/tvg500_none_zscore/diagnostic_condition_stratum_holdout/draft_osd120_arabidopsis_root_light_interaction_spaceflight/run_manifest.json,diagnostic_condition_stratum_holdout,draft_interaction_sensitivity_only_not_leaderboard
multispecies_interaction_nearest_centroid,tvg2000_none_zscore,none,zscore,2000,draft_osd120_arabidopsis_root_light_interaction_spaceflight,evaluated,True,draft_not_frozen,36,0.6,0.6111111111,0.6543209877,0.08492212421,,0.25,,,v9/multispecies/reports/interaction_sensitivity/tvg2000_none_zscore/primary_genotype_or_ecotype_holdout/draft_osd120_arabidopsis_root_light_interaction_spaceflight,v9/multispecies/reports/interaction_sensitivity/tvg2000_none_zscore/primary_genotype_or_ecotype_holdout/draft_osd120_arabidopsis_root_light_interaction_spaceflight/predictions.csv,v9/multispecies/reports/interaction_sensitivity/tvg2000_none_zscore/primary_genotype_or_ecotype_holdout/draft_osd120_arabidopsis_root_light_interaction_spaceflight/metrics.json,v9/multispecies/reports/interaction_sensitivity/tvg2000_none_zscore/primary_genotype_or_ecotype_holdout/draft_osd120_arabidopsis_root_light_interaction_spaceflight/run_manifest.json,primary_genotype_or_ecotype_holdout,draft_interaction_sensitivity_only_not_leaderboard
multispecies_interaction_nearest_centroid,tvg2000_none_zscore,none,zscore,2000,draft_osd120_arabidopsis_root_light_interaction_spaceflight,evaluated,True,draft_not_frozen,36,0.6099071207,0.6111111111,0.6543209877,0.08040950679,,,0.1111111111,,v9/multispecies/reports/interaction_sensitivity/tvg2000_none_zscore/secondary_light_treatment_holdout/draft_osd120_arabidopsis_root_light_interaction_spaceflight,v9/multispecies/reports/interaction_sensitivity/tvg2000_none_zscore/secondary_light_treatment_holdout/draft_osd120_arabidopsis_root_light_interaction_spaceflight/predictions.csv,v9/multispecies/reports/interaction_sensitivity/tvg2000_none_zscore/secondary_light_treatment_holdout/draft_osd120_arabidopsis_root_light_interaction_spaceflight/metrics.json,v9/multispecies/reports/interaction_sensitivity/tvg2000_none_zscore/secondary_light_treatment_holdout/draft_osd120_arabidopsis_root_light_interaction_spaceflight/run_manifest.json,secondary_light_treatment_holdout,draft_interaction_sensitivity_only_not_leaderboard
multispecies_interaction_nearest_centroid,tvg2000_none_zscore,none,zscore,2000,draft_osd120_arabidopsis_root_light_interaction_spaceflight,evaluated,True,draft_not_frozen,36,0.6111111111,0.6111111111,0.6265432099,0.08713368693,,,,0.1666666667,v9/multispecies/reports/interaction_sensitivity/tvg2000_none_zscore/diagnostic_condition_stratum_holdout/draft_osd120_arabidopsis_root_light_interaction_spaceflight,v9/multispecies/reports/interaction_sensitivity/tvg2000_none_zscore/diagnostic_condition_stratum_holdout/draft_osd120_arabidopsis_root_light_interaction_spaceflight/predictions.csv,v9/multispecies/reports/interaction_sensitivity/tvg2000_none_zscore/diagnostic_condition_stratum_holdout/draft_osd120_arabidopsis_root_light_interaction_spaceflight/metrics.json,v9/multispecies/reports/interaction_sensitivity/tvg2000_none_zscore/diagnostic_condition_stratum_holdout/draft_osd120_arabidopsis_root_light_interaction_spaceflight/run_manifest.json,diagnostic_condition_stratum_holdout,draft_interaction_sensitivity_only_not_leaderboard
multispecies_interaction_nearest_centroid,tvg5000_none_zscore,none,zscore,5000,draft_osd120_arabidopsis_root_light_interaction_spaceflight,evaluated,True,draft_not_frozen,36,0.60625,0.6111111111,0.6666666667,0.08947939997,,0.08333333333,,,v9/multispecies/reports/interaction_sensitivity/tvg5000_none_zscore/primary_genotype_or_ecotype_holdout/draft_osd120_arabidopsis_root_light_interaction_spaceflight,v9/multispecies/reports/interaction_sensitivity/tvg5000_none_zscore/primary_genotype_or_ecotype_holdout/draft_osd120_arabidopsis_root_light_interaction_spaceflight/predictions.csv,v9/multispecies/reports/interaction_sensitivity/tvg5000_none_zscore/primary_genotype_or_ecotype_holdout/draft_osd120_arabidopsis_root_light_interaction_spaceflight/metrics.json,v9/multispecies/reports/interaction_sensitivity/tvg5000_none_zscore/primary_genotype_or_ecotype_holdout/draft_osd120_arabidopsis_root_light_interaction_spaceflight/run_manifest.json,primary_genotype_or_ecotype_holdout,draft_interaction_sensitivity_only_not_leaderboard
multispecies_interaction_nearest_centroid,tvg5000_none_zscore,none,zscore,5000,draft_osd120_arabidopsis_root_light_interaction_spaceflight,evaluated,True,draft_not_frozen,36,0.5804195804,0.5833333333,0.6666666667,0.05471309232,,,0.05555555556,,v9/multispecies/reports/interaction_sensitivity/tvg5000_none_zscore/secondary_light_treatment_holdout/draft_osd120_arabidopsis_root_light_interaction_spaceflight,v9/multispecies/reports/interaction_sensitivity/tvg5000_none_zscore/secondary_light_treatment_holdout/draft_osd120_arabidopsis_root_light_interaction_spaceflight/predictions.csv,v9/multispecies/reports/interaction_sensitivity/tvg5000_none_zscore/secondary_light_treatment_holdout/draft_osd120_arabidopsis_root_light_interaction_spaceflight/metrics.json,v9/multispecies/reports/interaction_sensitivity/tvg5000_none_zscore/secondary_light_treatment_holdout/draft_osd120_arabidopsis_root_light_interaction_spaceflight/run_manifest.json,secondary_light_treatment_holdout,draft_interaction_sensitivity_only_not_leaderboard
multispecies_interaction_nearest_centroid,tvg5000_none_zscore,none,zscore,5000,draft_osd120_arabidopsis_root_light_interaction_spaceflight,evaluated,True,draft_not_frozen,36,0.6099071207,0.6111111111,0.6419753086,0.08936117038,,,,0.1666666667,v9/multispecies/reports/interaction_sensitivity/tvg5000_none_zscore/diagnostic_condition_stratum_holdout/draft_osd120_arabidopsis_root_light_interaction_spaceflight,v9/multispecies/reports/interaction_sensitivity/tvg5000_none_zscore/diagnostic_condition_stratum_holdout/draft_osd120_arabidopsis_root_light_interaction_spaceflight/predictions.csv,v9/multispecies/reports/interaction_sensitivity/tvg5000_none_zscore/diagnostic_condition_stratum_holdout/draft_osd120_arabidopsis_root_light_interaction_spaceflight/metrics.json,v9/multispecies/reports/interaction_sensitivity/tvg5000_none_zscore/diagnostic_condition_stratum_holdout/draft_osd120_arabidopsis_root_light_interaction_spaceflight/run_manifest.json,diagnostic_condition_stratum_holdout,draft_interaction_sensitivity_only_not_leaderboard
multispecies_interaction_nearest_centroid,tvg24740_none_zscore,none,zscore,24740,draft_osd120_arabidopsis_root_light_interaction_spaceflight,evaluated,True,draft_not_frozen,36,0.5751376869,0.5833333333,0.6574074074,0.08095320169,,0.1666666667,,,v9/multispecies/reports/interaction_sensitivity/tvg24740_none_zscore/primary_genotype_or_ecotype_holdout/draft_osd120_arabidopsis_root_light_interaction_spaceflight,v9/multispecies/reports/interaction_sensitivity/tvg24740_none_zscore/primary_genotype_or_ecotype_holdout/draft_osd120_arabidopsis_root_light_interaction_spaceflight/predictions.csv,v9/multispecies/reports/interaction_sensitivity/tvg24740_none_zscore/primary_genotype_or_ecotype_holdout/draft_osd120_arabidopsis_root_light_interaction_spaceflight/metrics.json,v9/multispecies/reports/interaction_sensitivity/tvg24740_none_zscore/primary_genotype_or_ecotype_holdout/draft_osd120_arabidopsis_root_light_interaction_spaceflight/run_manifest.json,primary_genotype_or_ecotype_holdout,draft_interaction_sensitivity_only_not_leaderboard
multispecies_interaction_nearest_centroid,tvg24740_none_zscore,none,zscore,24740,draft_osd120_arabidopsis_root_light_interaction_spaceflight,evaluated,True,draft_not_frozen,36,0.5804195804,0.5833333333,0.75,0.07568423374,,,0.05555555556,,v9/multispecies/reports/interaction_sensitivity/tvg24740_none_zscore/secondary_light_treatment_holdout/draft_osd120_arabidopsis_root_light_interaction_spaceflight,v9/multispecies/reports/interaction_sensitivity/tvg24740_none_zscore/secondary_light_treatment_holdout/draft_osd120_arabidopsis_root_light_interaction_spaceflight/predictions.csv,v9/multispecies/reports/interaction_sensitivity/tvg24740_none_zscore/secondary_light_treatment_holdout/draft_osd120_arabidopsis_root_light_interaction_spaceflight/metrics.json,v9/multispecies/reports/interaction_sensitivity/tvg24740_none_zscore/secondary_light_treatment_holdout/draft_osd120_arabidopsis_root_light_interaction_spaceflight/run_manifest.json,secondary_light_treatment_holdout,draft_interaction_sensitivity_only_not_leaderboard
multispecies_interaction_nearest_centroid,tvg24740_none_zscore,none,zscore,24740,draft_osd120_arabidopsis_root_light_interaction_spaceflight,evaluated,True,draft_not_frozen,36,0.6942084942,0.6944444444,0.7098765432,0.1844810972,,,,0.5,v9/multispecies/reports/interaction_sensitivity/tvg24740_none_zscore/diagnostic_condition_stratum_holdout/draft_osd120_arabidopsis_root_light_interaction_spaceflight,v9/multispecies/reports/interaction_sensitivity/tvg24740_none_zscore/diagnostic_condition_stratum_holdout/draft_osd120_arabidopsis_root_light_interaction_spaceflight/predictions.csv,v9/multispecies/reports/interaction_sensitivity/tvg24740_none_zscore/diagnostic_condition_stratum_holdout/draft_osd120_arabidopsis_root_light_interaction_spaceflight/metrics.json,v9/multispecies/reports/interaction_sensitivity/tvg24740_none_zscore/diagnostic_condition_stratum_holdout/draft_osd120_arabidopsis_root_light_interaction_spaceflight/run_manifest.json,diagnostic_condition_stratum_holdout,draft_interaction_sensitivity_only_not_leaderboard
multispecies_interaction_nearest_centroid,tvg100_none_none,none,none,100,draft_osd120_arabidopsis_root_light_interaction_spaceflight,evaluated,True,draft_not_frozen,36,0.6386100386,0.6388888889,0.6913580247,0.09574066245,,0.08333333333,,,v9/multispecies/reports/interaction_sensitivity/tvg100_none_none/primary_genotype_or_ecotype_holdout/draft_osd120_arabidopsis_root_light_interaction_spaceflight,v9/multispecies/reports/interaction_sensitivity/tvg100_none_none/primary_genotype_or_ecotype_holdout/draft_osd120_arabidopsis_root_light_interaction_spaceflight/predictions.csv,v9/multispecies/reports/interaction_sensitivity/tvg100_none_none/primary_genotype_or_ecotype_holdout/draft_osd120_arabidopsis_root_light_interaction_spaceflight/metrics.json,v9/multispecies/reports/interaction_sensitivity/tvg100_none_none/primary_genotype_or_ecotype_holdout/draft_osd120_arabidopsis_root_light_interaction_spaceflight/run_manifest.json,primary_genotype_or_ecotype_holdout,draft_interaction_sensitivity_only_not_leaderboard
multispecies_interaction_nearest_centroid,tvg100_none_none,none,none,100,draft_osd120_arabidopsis_root_light_interaction_spaceflight,evaluated,True,draft_not_frozen,36,0.6099071207,0.6111111111,0.5833333333,0.07092973548,,,0.1111111111,,v9/multispecies/reports/interaction_sensitivity/tvg100_none_none/secondary_light_treatment_holdout/draft_osd120_arabidopsis_root_light_interaction_spaceflight,v9/multispecies/reports/interaction_sensitivity/tvg100_none_none/secondary_light_treatment_holdout/draft_osd120_arabidopsis_root_light_interaction_spaceflight/predictions.csv,v9/multispecies/reports/interaction_sensitivity/tvg100_none_none/secondary_light_treatment_holdout/draft_osd120_arabidopsis_root_light_interaction_spaceflight/metrics.json,v9/multispecies/reports/interaction_sensitivity/tvg100_none_none/secondary_light_treatment_holdout/draft_osd120_arabidopsis_root_light_interaction_spaceflight/run_manifest.json,secondary_light_treatment_holdout,draft_interaction_sensitivity_only_not_leaderboard
multispecies_interaction_nearest_centroid,tvg100_none_none,none,none,100,draft_osd120_arabidopsis_root_light_interaction_spaceflight,evaluated,True,draft_not_frozen,36,0.6386100386,0.6388888889,0.6512345679,0.09104173994,,,,0.1666666667,v9/multispecies/reports/interaction_sensitivity/tvg100_none_none/diagnostic_condition_stratum_holdout/draft_osd120_arabidopsis_root_light_interaction_spaceflight,v9/multispecies/reports/interaction_sensitivity/tvg100_none_none/diagnostic_condition_stratum_holdout/draft_osd120_arabidopsis_root_light_interaction_spaceflight/predictions.csv,v9/multispecies/reports/interaction_sensitivity/tvg100_none_none/diagnostic_condition_stratum_holdout/draft_osd120_arabidopsis_root_light_interaction_spaceflight/metrics.json,v9/multispecies/reports/interaction_sensitivity/tvg100_none_none/diagnostic_condition_stratum_holdout/draft_osd120_arabidopsis_root_light_interaction_spaceflight/run_manifest.json,diagnostic_condition_stratum_holdout,draft_interaction_sensitivity_only_not_leaderboard
multispecies_interaction_nearest_centroid,tvg500_none_none,none,none,500,draft_osd120_arabidopsis_root_light_interaction_spaceflight,evaluated,True,draft_not_frozen,36,0.6386100386,0.6388888889,0.6759259259,0.1220000432,,0.08333333333,,,v9/multispecies/reports/interaction_sensitivity/tvg500_none_none/primary_genotype_or_ecotype_holdout/draft_osd120_arabidopsis_root_light_interaction_spaceflight,v9/multispecies/reports/interaction_sensitivity/tvg500_none_none/primary_genotype_or_ecotype_holdout/draft_osd120_arabidopsis_root_light_interaction_spaceflight/predictions.csv,v9/multispecies/reports/interaction_sensitivity/tvg500_none_none/primary_genotype_or_ecotype_holdout/draft_osd120_arabidopsis_root_light_interaction_spaceflight/metrics.json,v9/multispecies/reports/interaction_sensitivity/tvg500_none_none/primary_genotype_or_ecotype_holdout/draft_osd120_arabidopsis_root_light_interaction_spaceflight/run_manifest.json,primary_genotype_or_ecotype_holdout,draft_interaction_sensitivity_only_not_leaderboard
multispecies_interaction_nearest_centroid,tvg500_none_none,none,none,500,draft_osd120_arabidopsis_root_light_interaction_spaceflight,evaluated,True,draft_not_frozen,36,0.6099071207,0.6111111111,0.5771604938,0.08370968197,,,0.1111111111,,v9/multispecies/reports/interaction_sensitivity/tvg500_none_none/secondary_light_treatment_holdout/draft_osd120_arabidopsis_root_light_interaction_spaceflight,v9/multispecies/reports/interaction_sensitivity/tvg500_none_none/secondary_light_treatment_holdout/draft_osd120_arabidopsis_root_light_interaction_spaceflight/predictions.csv,v9/multispecies/reports/interaction_sensitivity/tvg500_none_none/secondary_light_treatment_holdout/draft_osd120_arabidopsis_root_light_interaction_spaceflight/metrics.json,v9/multispecies/reports/interaction_sensitivity/tvg500_none_none/secondary_light_treatment_holdout/draft_osd120_arabidopsis_root_light_interaction_spaceflight/run_manifest.json,secondary_light_treatment_holdout,draft_interaction_sensitivity_only_not_leaderboard
multispecies_interaction_nearest_centroid,tvg500_none_none,none,none,500,draft_osd120_arabidopsis_root_light_interaction_spaceflight,evaluated,True,draft_not_frozen,36,0.6386100386,0.6388888889,0.6450617284,0.08325281438,,,,0.1666666667,v9/multispecies/reports/interaction_sensitivity/tvg500_none_none/diagnostic_condition_stratum_holdout/draft_osd120_arabidopsis_root_light_interaction_spaceflight,v9/multispecies/reports/interaction_sensitivity/tvg500_none_none/diagnostic_condition_stratum_holdout/draft_osd120_arabidopsis_root_light_interaction_spaceflight/predictions.csv,v9/multispecies/reports/interaction_sensitivity/tvg500_none_none/diagnostic_condition_stratum_holdout/draft_osd120_arabidopsis_root_light_interaction_spaceflight/metrics.json,v9/multispecies/reports/interaction_sensitivity/tvg500_none_none/diagnostic_condition_stratum_holdout/draft_osd120_arabidopsis_root_light_interaction_spaceflight/run_manifest.json,diagnostic_condition_stratum_holdout,draft_interaction_sensitivity_only_not_leaderboard
multispecies_interaction_nearest_centroid,tvg2000_none_none,none,none,2000,draft_osd120_arabidopsis_root_light_interaction_spaceflight,evaluated,True,draft_not_frozen,36,0.6386100386,0.6388888889,0.6759259259,0.1231465146,,0.08333333333,,,v9/multispecies/reports/interaction_sensitivity/tvg2000_none_none/primary_genotype_or_ecotype_holdout/draft_osd120_arabidopsis_root_light_interaction_spaceflight,v9/multispecies/reports/interaction_sensitivity/tvg2000_none_none/primary_genotype_or_ecotype_holdout/draft_osd120_arabidopsis_root_light_interaction_spaceflight/predictions.csv,v9/multispecies/reports/interaction_sensitivity/tvg2000_none_none/primary_genotype_or_ecotype_holdout/draft_osd120_arabidopsis_root_light_interaction_spaceflight/metrics.json,v9/multispecies/reports/interaction_sensitivity/tvg2000_none_none/primary_genotype_or_ecotype_holdout/draft_osd120_arabidopsis_root_light_interaction_spaceflight/run_manifest.json,primary_genotype_or_ecotype_holdout,draft_interaction_sensitivity_only_not_leaderboard
multispecies_interaction_nearest_centroid,tvg2000_none_none,none,none,2000,draft_osd120_arabidopsis_root_light_interaction_spaceflight,evaluated,True,draft_not_frozen,36,0.6099071207,0.6111111111,0.5771604938,0.05161102506,,,0.1111111111,,v9/multispecies/reports/interaction_sensitivity/tvg2000_none_none/secondary_light_treatment_holdout/draft_osd120_arabidopsis_root_light_interaction_spaceflight,v9/multispecies/reports/interaction_sensitivity/tvg2000_none_none/secondary_light_treatment_holdout/draft_osd120_arabidopsis_root_light_interaction_spaceflight/predictions.csv,v9/multispecies/reports/interaction_sensitivity/tvg2000_none_none/secondary_light_treatment_holdout/draft_osd120_arabidopsis_root_light_interaction_spaceflight/metrics.json,v9/multispecies/reports/interaction_sensitivity/tvg2000_none_none/secondary_light_treatment_holdout/draft_osd120_arabidopsis_root_light_interaction_spaceflight/run_manifest.json,secondary_light_treatment_holdout,draft_interaction_sensitivity_only_not_leaderboard
multispecies_interaction_nearest_centroid,tvg2000_none_none,none,none,2000,draft_osd120_arabidopsis_root_light_interaction_spaceflight,evaluated,True,draft_not_frozen,36,0.6386100386,0.6388888889,0.6512345679,0.084660019,,,,0.1666666667,v9/multispecies/reports/interaction_sensitivity/tvg2000_none_none/diagnostic_condition_stratum_holdout/draft_osd120_arabidopsis_root_light_interaction_spaceflight,v9/multispecies/reports/interaction_sensitivity/tvg2000_none_none/diagnostic_condition_stratum_holdout/draft_osd120_arabidopsis_root_light_interaction_spaceflight/predictions.csv,v9/multispecies/reports/interaction_sensitivity/tvg2000_none_none/diagnostic_condition_stratum_holdout/draft_osd120_arabidopsis_root_light_interaction_spaceflight/metrics.json,v9/multispecies/reports/interaction_sensitivity/tvg2000_none_none/diagnostic_condition_stratum_holdout/draft_osd120_arabidopsis_root_light_interaction_spaceflight/run_manifest.json,diagnostic_condition_stratum_holdout,draft_interaction_sensitivity_only_not_leaderboard
multispecies_interaction_nearest_centroid,tvg5000_none_none,none,none,5000,draft_osd120_arabidopsis_root_light_interaction_spaceflight,evaluated,True,draft_not_frozen,36,0.6386100386,0.6388888889,0.6759259259,0.09016196284,,0.08333333333,,,v9/multispecies/reports/interaction_sensitivity/tvg5000_none_none/primary_genotype_or_ecotype_holdout/draft_osd120_arabidopsis_root_light_interaction_spaceflight,v9/multispecies/reports/interaction_sensitivity/tvg5000_none_none/primary_genotype_or_ecotype_holdout/draft_osd120_arabidopsis_root_light_interaction_spaceflight/predictions.csv,v9/multispecies/reports/interaction_sensitivity/tvg5000_none_none/primary_genotype_or_ecotype_holdout/draft_osd120_arabidopsis_root_light_interaction_spaceflight/metrics.json,v9/multispecies/reports/interaction_sensitivity/tvg5000_none_none/primary_genotype_or_ecotype_holdout/draft_osd120_arabidopsis_root_light_interaction_spaceflight/run_manifest.json,primary_genotype_or_ecotype_holdout,draft_interaction_sensitivity_only_not_leaderboard
multispecies_interaction_nearest_centroid,tvg5000_none_none,none,none,5000,draft_osd120_arabidopsis_root_light_interaction_spaceflight,evaluated,True,draft_not_frozen,36,0.6099071207,0.6111111111,0.5802469136,0.0519050731,,,0.1111111111,,v9/multispecies/reports/interaction_sensitivity/tvg5000_none_none/secondary_light_treatment_holdout/draft_osd120_arabidopsis_root_light_interaction_spaceflight,v9/multispecies/reports/interaction_sensitivity/tvg5000_none_none/secondary_light_treatment_holdout/draft_osd120_arabidopsis_root_light_interaction_spaceflight/predictions.csv,v9/multispecies/reports/interaction_sensitivity/tvg5000_none_none/secondary_light_treatment_holdout/draft_osd120_arabidopsis_root_light_interaction_spaceflight/metrics.json,v9/multispecies/reports/interaction_sensitivity/tvg5000_none_none/secondary_light_treatment_holdout/draft_osd120_arabidopsis_root_light_interaction_spaceflight/run_manifest.json,secondary_light_treatment_holdout,draft_interaction_sensitivity_only_not_leaderboard
multispecies_interaction_nearest_centroid,tvg5000_none_none,none,none,5000,draft_osd120_arabidopsis_root_light_interaction_spaceflight,evaluated,True,draft_not_frozen,36,0.6386100386,0.6388888889,0.6481481481,0.08498452576,,,,0.1666666667,v9/multispecies/reports/interaction_sensitivity/tvg5000_none_none/diagnostic_condition_stratum_holdout/draft_osd120_arabidopsis_root_light_interaction_spaceflight,v9/multispecies/reports/interaction_sensitivity/tvg5000_none_none/diagnostic_condition_stratum_holdout/draft_osd120_arabidopsis_root_light_interaction_spaceflight/predictions.csv,v9/multispecies/reports/interaction_sensitivity/tvg5000_none_none/diagnostic_condition_stratum_holdout/draft_osd120_arabidopsis_root_light_interaction_spaceflight/metrics.json,v9/multispecies/reports/interaction_sensitivity/tvg5000_none_none/diagnostic_condition_stratum_holdout/draft_osd120_arabidopsis_root_light_interaction_spaceflight/run_manifest.json,diagnostic_condition_stratum_holdout,draft_interaction_sensitivity_only_not_leaderboard
multispecies_interaction_nearest_centroid,tvg24740_none_none,none,none,24740,draft_osd120_arabidopsis_root_light_interaction_spaceflight,evaluated,True,draft_not_frozen,36,0.6386100386,0.6388888889,0.6759259259,0.09039033157,,0.08333333333,,,v9/multispecies/reports/interaction_sensitivity/tvg24740_none_none/primary_genotype_or_ecotype_holdout/draft_osd120_arabidopsis_root_light_interaction_spaceflight,v9/multispecies/reports/interaction_sensitivity/tvg24740_none_none/primary_genotype_or_ecotype_holdout/draft_osd120_arabidopsis_root_light_interaction_spaceflight/predictions.csv,v9/multispecies/reports/interaction_sensitivity/tvg24740_none_none/primary_genotype_or_ecotype_holdout/draft_osd120_arabidopsis_root_light_interaction_spaceflight/metrics.json,v9/multispecies/reports/interaction_sensitivity/tvg24740_none_none/primary_genotype_or_ecotype_holdout/draft_osd120_arabidopsis_root_light_interaction_spaceflight/run_manifest.json,primary_genotype_or_ecotype_holdout,draft_interaction_sensitivity_only_not_leaderboard
multispecies_interaction_nearest_centroid,tvg24740_none_none,none,none,24740,draft_osd120_arabidopsis_root_light_interaction_spaceflight,evaluated,True,draft_not_frozen,36,0.6099071207,0.6111111111,0.5802469136,0.05206814794,,,0.1111111111,,v9/multispecies/reports/interaction_sensitivity/tvg24740_none_none/secondary_light_treatment_holdout/draft_osd120_arabidopsis_root_light_interaction_spaceflight,v9/multispecies/reports/interaction_sensitivity/tvg24740_none_none/secondary_light_treatment_holdout/draft_osd120_arabidopsis_root_light_interaction_spaceflight/predictions.csv,v9/multispecies/reports/interaction_sensitivity/tvg24740_none_none/secondary_light_treatment_holdout/draft_osd120_arabidopsis_root_light_interaction_spaceflight/metrics.json,v9/multispecies/reports/interaction_sensitivity/tvg24740_none_none/secondary_light_treatment_holdout/draft_osd120_arabidopsis_root_light_interaction_spaceflight/run_manifest.json,secondary_light_treatment_holdout,draft_interaction_sensitivity_only_not_leaderboard
multispecies_interaction_nearest_centroid,tvg24740_none_none,none,none,24740,draft_osd120_arabidopsis_root_light_interaction_spaceflight,evaluated,True,draft_not_frozen,36,0.6386100386,0.6388888889,0.6481481481,0.08515034744,,,,0.1666666667,v9/multispecies/reports/interaction_sensitivity/tvg24740_none_none/diagnostic_condition_stratum_holdout/draft_osd120_arabidopsis_root_light_interaction_spaceflight,v9/multispecies/reports/interaction_sensitivity/tvg24740_none_none/diagnostic_condition_stratum_holdout/draft_osd120_arabidopsis_root_light_interaction_spaceflight/predictions.csv,v9/multispecies/reports/interaction_sensitivity/tvg24740_none_none/diagnostic_condition_stratum_holdout/draft_osd120_arabidopsis_root_light_interaction_spaceflight/metrics.json,v9/multispecies/reports/interaction_sensitivity/tvg24740_none_none/diagnostic_condition_stratum_holdout/draft_osd120_arabidopsis_root_light_interaction_spaceflight/run_manifest.json,diagnostic_condition_stratum_holdout,draft_interaction_sensitivity_only_not_leaderboard
