source_id,glds_prefix,mission,tissue,task_ids,api_url,api_status,api_response_sha256,n_files,checksum_manifest_count,checksum_manifest_files,checksum_manifest_urls,parsed_checksum_entries,checksum_algorithms,checksum_payload_matches,checksum_manifest_content_sha256,audit_status,freeze_ready,pending_reason
OSD-100,GLDS-100,RR-1,eye,A6_eye_bulk_lomo,https://visualization.osdr.nasa.gov/biodata/api/v2/dataset/OSD-100/files/,ok,d759a8e4a8ae50e2a6982b0e5a27fc88b09adb64bd1db4405865fd9d6c9193a6,251,2,GLDS-100_rna-seq_raw_md5sum_GLbulkRNAseq.tsv;GLDS-100_rna_seq_processed_md5sum_GLbulkRNAseq.tsv,https://osdr.nasa.gov/geode-py/ws/studies/OSD-100/download?source=datamanager&file=GLDS-100_rna-seq_raw_md5sum_GLbulkRNAseq.tsv;https://osdr.nasa.gov/geode-py/ws/studies/OSD-100/download?source=datamanager&file=GLDS-100_rna_seq_processed_md5sum_GLbulkRNAseq.tsv,223,md5,222,2ce7eefd3b365348e0f19f46893df320c3fb67267051e25cce3f0a0db7b2e349;d780b9082713ef546e9e86557a943ff5c73e696e2252934b02a8d596012df84d,checksum_manifest_parsed,false,"Checksum manifest entries were parsed, but payload files have not been downloaded and verified in this audit."
OSD-101,GLDS-101,RR-1,gastrocnemius,A2_gastrocnemius_bulk_lomo,https://visualization.osdr.nasa.gov/biodata/api/v2/dataset/OSD-101/files/,ok,8e5d3f3b696d42c828d3e24f107583e6beffc64b9d61408037f57b447817d833,268,2,GLDS-101_rna-seq_raw_md5sum_GLbulkRNAseq.tsv;GLDS-101_rna_seq_processed_md5sum_GLbulkRNAseq.tsv,https://osdr.nasa.gov/geode-py/ws/studies/OSD-101/download?source=datamanager&file=GLDS-101_rna-seq_raw_md5sum_GLbulkRNAseq.tsv;https://osdr.nasa.gov/geode-py/ws/studies/OSD-101/download?source=datamanager&file=GLDS-101_rna_seq_processed_md5sum_GLbulkRNAseq.tsv,224,md5,223,911730cdab7a50de12a42d564737829ecca628352709ebc971c30bfdde4af71d;f45e698cdce51796bb09ce96fb2623af7f88254a130b3d7fbbc7389442564ae8,checksum_manifest_parsed,false,"Checksum manifest entries were parsed, but payload files have not been downloaded and verified in this audit."
OSD-102,GLDS-102,RR-1,kidney,A3_kidney_bulk_lomo,https://visualization.osdr.nasa.gov/biodata/api/v2/dataset/OSD-102/files/,ok,a46aa14858f7d6d724d17f5fa609c51adc0a4efa4a020c9f8a5d1e933cc17014,268,2,GLDS-102_rna-seq_raw_md5sum_GLbulkRNAseq.tsv;GLDS-102_rna_seq_processed_md5sum_GLbulkRNAseq.tsv,https://osdr.nasa.gov/geode-py/ws/studies/OSD-102/download?source=datamanager&file=GLDS-102_rna-seq_raw_md5sum_GLbulkRNAseq.tsv;https://osdr.nasa.gov/geode-py/ws/studies/OSD-102/download?source=datamanager&file=GLDS-102_rna_seq_processed_md5sum_GLbulkRNAseq.tsv,224,md5,223,058a75ff7d3f005953e82c8e57b0c1de45b7e5a202d4a474ce4f8a854ed3ebb6;c4aa9eff2eb585f86ae1e6bfb882dcdb1cb7f97ec00816fc79b2defa5ba0d492,checksum_manifest_parsed,false,"Checksum manifest entries were parsed, but payload files have not been downloaded and verified in this audit."
OSD-137,GLDS-137,RR-3,liver,A1_liver_bulk_lomo;A1_liver_bulk_lomo_combat;A1_liver_bulk_lomo_iss_only,https://visualization.osdr.nasa.gov/biodata/api/v2/dataset/OSD-137/files/,ok,881b04dd50e452984a6253b19dcb4a02dd043f2a94006a8ee0c6bc12ebff2749,414,1,GLDS-137_rna_seq_processed_md5sum.txt,https://osdr.nasa.gov/geode-py/ws/studies/OSD-137/download?source=datamanager&file=GLDS-137_rna_seq_processed_md5sum.txt,25,md5,24,665efd521d70944ce4f9f24c39116041c451b441f1e62f0a967945e256243f66,checksum_manifest_parsed,false,"Checksum manifest entries were parsed, but payload files have not been downloaded and verified in this audit."
OSD-163,GLDS-163,RR-3,kidney,A3_kidney_bulk_lomo,https://visualization.osdr.nasa.gov/biodata/api/v2/dataset/OSD-163/files/,ok,54f50b38f61339328fc63d0f1f192bd8978ed470306e9feef2b3179fa4a64cc2,361,2,GLDS-163_rna-seq_raw_md5sum_GLbulkRNAseq.tsv;GLDS-163_rna_seq_processed_md5sum_GLbulkRNAseq.tsv,https://osdr.nasa.gov/geode-py/ws/studies/OSD-163/download?source=datamanager&file=GLDS-163_rna-seq_raw_md5sum_GLbulkRNAseq.tsv;https://osdr.nasa.gov/geode-py/ws/studies/OSD-163/download?source=datamanager&file=GLDS-163_rna_seq_processed_md5sum_GLbulkRNAseq.tsv,321,md5,320,a7cc5b4eb220cdc67ac42601f5d7ae0cb449bc853d043e992a306d9ed3ff1e52;c12f58c4fe240dc03187a4e10bb3d76571668503de6257e35e12c9af7182da4c,checksum_manifest_parsed,false,"Checksum manifest entries were parsed, but payload files have not been downloaded and verified in this audit."
OSD-194,GLDS-194,RR-3,eye,A6_eye_bulk_lomo,https://visualization.osdr.nasa.gov/biodata/api/v2/dataset/OSD-194/files/,ok,60f22f537db4b8a33e2be344c8d798a0fec656aca4e9838acc24549845f04eee,294,1,GLDS-194_rna_seq_processed_md5sum.txt,https://osdr.nasa.gov/geode-py/ws/studies/OSD-194/download?source=datamanager&file=GLDS-194_rna_seq_processed_md5sum.txt,27,md5,26,a8ec966be1dc267e1c952696a8a939934c63441e7dfb9f5a44bbfc19b5b761fd,checksum_manifest_parsed,false,"Checksum manifest entries were parsed, but payload files have not been downloaded and verified in this audit."
OSD-238,GLDS-238,MHU-2 (dorsal),skin,A5_skin_bulk_lomo,https://visualization.osdr.nasa.gov/biodata/api/v2/dataset/OSD-238/files/,ok,a69e3c0810ac7ddafe5b8cdd3391ba6daff974c4ae2239c77d831c2f040874e0,500,1,GLDS-238_rna_seq_md5sum.txt,https://osdr.nasa.gov/geode-py/ws/studies/OSD-238/download?source=datamanager&file=GLDS-238_rna_seq_md5sum.txt,62,md5,62,1e905ea399b37af3a14343d117d6fccd01fb4997d279ea01a934a53560a393ad,checksum_manifest_parsed,false,"Checksum manifest entries were parsed, but payload files have not been downloaded and verified in this audit."
OSD-239,GLDS-239,MHU-2 (femoral),skin,A5_skin_bulk_lomo,https://visualization.osdr.nasa.gov/biodata/api/v2/dataset/OSD-239/files/,ok,b16f0511374ced1877b3920b1e11491bcb67e3bf02232ade51cd06754e8049d9,476,1,GLDS-239_rna_seq_processed_md5sum_GLbulkRNAseq.tsv,https://osdr.nasa.gov/geode-py/ws/studies/OSD-239/download?source=datamanager&file=GLDS-239_rna_seq_processed_md5sum_GLbulkRNAseq.tsv,60,md5,54,f1963816e7774e800f9d35bbc96c7daf6b1d24205c2595f5d8d33c5bfcd8c95a,checksum_manifest_parsed,false,"Checksum manifest entries were parsed, but payload files have not been downloaded and verified in this audit."
OSD-242,GLDS-242,RR-9,liver,A1_liver_bulk_lomo;A1_liver_bulk_lomo_combat;A1_liver_bulk_lomo_iss_only,https://visualization.osdr.nasa.gov/biodata/api/v2/dataset/OSD-242/files/,ok,0838071696f22a893f28fa5beafa72702368d0ced2cdb5b99288f222b9da03cd,481,1,GLDS-242_rna_seq_md5sum.txt,https://osdr.nasa.gov/geode-py/ws/studies/OSD-242/download?source=datamanager&file=GLDS-242_rna_seq_md5sum.txt,60,md5,60,17ee0814caa285c3b4c41bb6c959b38f99e57dd3cb637b797095f97570bdb565,checksum_manifest_parsed,false,"Checksum manifest entries were parsed, but payload files have not been downloaded and verified in this audit."
OSD-243,GLDS-243,RR-6,skin,A5_skin_bulk_lomo,https://visualization.osdr.nasa.gov/biodata/api/v2/dataset/OSD-243/files/,ok,6eaad9f4e034898b3e816fbb139876184aabdcbbb1c2fca076b8cf9d5c59b403,1076,1,GLDS-243_rna_seq_processed_md5sum_GLbulkRNAseq.tsv,https://osdr.nasa.gov/geode-py/ws/studies/OSD-243/download?source=datamanager&file=GLDS-243_rna_seq_processed_md5sum_GLbulkRNAseq.tsv,120,md5,114,b41bc9d523df2184975238c3f43b4085ed6bfcc024c93b215c92d27b73ae7d8c,checksum_manifest_parsed,false,"Checksum manifest entries were parsed, but payload files have not been downloaded and verified in this audit."
OSD-244,GLDS-244,RR-6,thymus,A4_thymus_bulk_lomo,https://visualization.osdr.nasa.gov/biodata/api/v2/dataset/OSD-244/files/,ok,d4e86ff1189b5d4c4884f24250ebc70e6aa0f1256f26e23c840932fc897e4105,947,2,GLDS-244_rna-seq_raw_md5sum_GLbulkRNAseq.tsv;GLDS-244_rna_seq_processed_md5sum_GLbulkRNAseq.tsv,https://osdr.nasa.gov/geode-py/ws/studies/OSD-244/download?source=datamanager&file=GLDS-244_rna-seq_raw_md5sum_GLbulkRNAseq.tsv;https://osdr.nasa.gov/geode-py/ws/studies/OSD-244/download?source=datamanager&file=GLDS-244_rna_seq_processed_md5sum_GLbulkRNAseq.tsv,944,md5,943,30949916c5412de055938d9773a99bba89bfb6c95485ec10857fc3f21cf1db53;35652c0854dc74374913b19a4d09d857320e347b047273eb55bd094df36e15fc,checksum_manifest_parsed,false,"Checksum manifest entries were parsed, but payload files have not been downloaded and verified in this audit."
OSD-245,GLDS-245,RR-6,liver,A1_liver_bulk_lomo;A1_liver_bulk_lomo_combat;A1_liver_bulk_lomo_iss_only,https://visualization.osdr.nasa.gov/biodata/api/v2/dataset/OSD-245/files/,ok,8d33384d77b594a26f2029891350f372b0f864af84f22d904528c7ebf18dba4c,1196,1,GLDS-245_rna_seq_processed_md5sum_GLbulkRNAseq.tsv,https://osdr.nasa.gov/geode-py/ws/studies/OSD-245/download?source=datamanager&file=GLDS-245_rna_seq_processed_md5sum_GLbulkRNAseq.tsv,132,md5,126,fc87f5951a59e330a2383f42f11c2bfb159eb3d24a11667ebcf72bd339364b8b,checksum_manifest_parsed,false,"Checksum manifest entries were parsed, but payload files have not been downloaded and verified in this audit."
OSD-253,GLDS-253,RR-7,kidney,A3_kidney_bulk_lomo,https://visualization.osdr.nasa.gov/biodata/api/v2/dataset/OSD-253/files/,ok,07431146e89a7536b04610feeb63c8beb2b5827fdbf69ed75dc664fb6c2d6414,1827,2,GLDS-253_rna-seq_raw_md5sum_GLbulkRNAseq.tsv;GLDS-253_rna_seq_processed_md5sum_GLbulkRNAseq.tsv,https://osdr.nasa.gov/geode-py/ws/studies/OSD-253/download?source=datamanager&file=GLDS-253_rna-seq_raw_md5sum_GLbulkRNAseq.tsv;https://osdr.nasa.gov/geode-py/ws/studies/OSD-253/download?source=datamanager&file=GLDS-253_rna_seq_processed_md5sum_GLbulkRNAseq.tsv,1824,md5,1753,4da77630e0f80a77bf181c0715947fa7e251d5cc1cca87433d45543ff46afc8f;88c22f80f4227f71d8873f4c5e2971365c83f18acf36c043ac904aab2fa5e559,checksum_manifest_parsed,false,"Checksum manifest entries were parsed, but payload files have not been downloaded and verified in this audit."
OSD-254,GLDS-254,RR-7,skin,A5_skin_bulk_lomo,https://visualization.osdr.nasa.gov/biodata/api/v2/dataset/OSD-254/files/,ok,217e457f5cfd384d5b86a217fd8fd24250cc234b72ccdbf99b7b461282209795,1620,1,GLDS-254_rna_seq_md5sum.txt,https://osdr.nasa.gov/geode-py/ws/studies/OSD-254/download?source=datamanager&file=GLDS-254_rna_seq_md5sum.txt,174,md5,174,228ef4ae1245ee05281859d63b6f1d371904bc4682fb5957f5f01d3ebdc511e1,checksum_manifest_parsed,false,"Checksum manifest entries were parsed, but payload files have not been downloaded and verified in this audit."
OSD-289,GLDS-289,MHU-2,thymus,A4_thymus_bulk_lomo,https://visualization.osdr.nasa.gov/biodata/api/v2/dataset/OSD-289/files/,ok,c35a47a274b61cdfe2199dfa7c0128881f7aad8ff1a729bbe1825f93ddbfb6f0,322,2,GLDS-289_rna-seq_raw_md5sum_GLbulkRNAseq.tsv;GLDS-289_rna_seq_processed_md5sum_GLbulkRNAseq.tsv,https://osdr.nasa.gov/geode-py/ws/studies/OSD-289/download?source=datamanager&file=GLDS-289_rna-seq_raw_md5sum_GLbulkRNAseq.tsv;https://osdr.nasa.gov/geode-py/ws/studies/OSD-289/download?source=datamanager&file=GLDS-289_rna_seq_processed_md5sum_GLbulkRNAseq.tsv,319,md5,318,754509821571febef99ffee9d082c1166ccecaaaa0698cb575248f57c40e8bb5;82f557c2041e616b02f284e88462e4cf7fa8e91e7c7387dfe27e53efe3c8988f,checksum_manifest_parsed,false,"Checksum manifest entries were parsed, but payload files have not been downloaded and verified in this audit."
OSD-326,GLDS-326,RR-9,gastrocnemius,A2_gastrocnemius_bulk_lomo,https://visualization.osdr.nasa.gov/biodata/api/v2/dataset/OSD-326/files/,ok,52d013f2b1ef91b35ea1bb1a0f1b58d176ddad2c301c9cb0f75f8271fd73acf4,178,2,GLDS-326_rna-seq_raw_md5sum_GLbulkRNAseq.tsv;GLDS-326_rna_seq_processed_md5sum_GLbulkRNAseq.tsv,https://osdr.nasa.gov/geode-py/ws/studies/OSD-326/download?source=datamanager&file=GLDS-326_rna-seq_raw_md5sum_GLbulkRNAseq.tsv;https://osdr.nasa.gov/geode-py/ws/studies/OSD-326/download?source=datamanager&file=GLDS-326_rna_seq_processed_md5sum_GLbulkRNAseq.tsv,159,md5,158,02dff98867fefe2a30c809f5dfdbc4515625da7427554cca1eb8e87836c198fa;144de53ba8468eca2918767b037649f24972b9dbdadb231f9b67cd01053d186e,checksum_manifest_parsed,false,"Checksum manifest entries were parsed, but payload files have not been downloaded and verified in this audit."
OSD-379,GLDS-379,RR-8,liver,A1_liver_bulk_lomo;A1_liver_bulk_lomo_combat;A1_liver_bulk_lomo_iss_only,https://visualization.osdr.nasa.gov/biodata/api/v2/dataset/OSD-379/files/,ok,7b46639270870d5ea34c5bd265dc75a562b22cbc34b77347e31cb913b3944362,2291,2,GLDS-379_rna-seq_raw_md5sum_GLbulkRNAseq.tsv;GLDS-379_rna_seq_processed_md5sum_GLbulkRNAseq.tsv,https://osdr.nasa.gov/geode-py/ws/studies/OSD-379/download?source=datamanager&file=GLDS-379_rna-seq_raw_md5sum_GLbulkRNAseq.tsv;https://osdr.nasa.gov/geode-py/ws/studies/OSD-379/download?source=datamanager&file=GLDS-379_rna_seq_processed_md5sum_GLbulkRNAseq.tsv,2288,md5,2287,1a325a3ce853b2d2ad535da5829dc0a54deb5a6f951234531c1f017acf14a584;afa9535265130f6cc8963812e108175ab5bc430520fe50aa56f68d65ac7975ce,checksum_manifest_parsed,false,"Checksum manifest entries were parsed, but payload files have not been downloaded and verified in this audit."
OSD-397,GLDS-397,OSD-397,eye,A6_eye_bulk_lomo,https://visualization.osdr.nasa.gov/biodata/api/v2/dataset/OSD-397/files/,ok,a3efdcd0952bcab981f001ed26158efddae42ec3ad748cc7382577d3ee094640,277,1,GLDS-397_rna-seq_raw_md5sum.tsv,https://osdr.nasa.gov/geode-py/ws/studies/OSD-397/download?source=datamanager&file=GLDS-397_rna-seq_raw_md5sum.tsv,33,md5,33,029f50c5746cb15954d05a93fd63b5d2dcf88d6ca89c032f974cd0fc3731c7c0,checksum_manifest_parsed,false,"Checksum manifest entries were parsed, but payload files have not been downloaded and verified in this audit."
OSD-401,GLDS-401,RR-5,gastrocnemius,A2_gastrocnemius_bulk_lomo,https://visualization.osdr.nasa.gov/biodata/api/v2/dataset/OSD-401/files/,ok,4ff40b449a050caf9060e092dc2fd6bece2fe6af1a3b7389e6ffdfa074edb0a4,180,2,GLDS-401_rna-seq_raw_md5sum_GLbulkRNAseq.tsv;GLDS-401_rna_seq_processed_md5sum_GLbulkRNAseq.tsv,https://osdr.nasa.gov/geode-py/ws/studies/OSD-401/download?source=datamanager&file=GLDS-401_rna-seq_raw_md5sum_GLbulkRNAseq.tsv;https://osdr.nasa.gov/geode-py/ws/studies/OSD-401/download?source=datamanager&file=GLDS-401_rna_seq_processed_md5sum_GLbulkRNAseq.tsv,165,md5,164,065cc92b83155e524b08f0dd70b894790d7f007ab0df8249232bc531d05bf5a0;840c35b1fd91b4025d0af743243e3f4bdf1d0d6bc285b0e38bb1c3c04e5f2e66,checksum_manifest_parsed,false,"Checksum manifest entries were parsed, but payload files have not been downloaded and verified in this audit."
OSD-421,GLDS-421,RR-9,thymus,A4_thymus_bulk_lomo,https://visualization.osdr.nasa.gov/biodata/api/v2/dataset/OSD-421/files/,ok,197217a33ed0ecdf2e7cbae87e86fd0cf404c86cabd1d07885f3201dbabe87f2,294,3,GLDS-421_rna-seq_raw_md5sum.txt;GLDS-421_rna-seq_raw_md5sum_GLbulkRNAseq.tsv;GLDS-421_rna_seq_processed_md5sum_GLbulkRNAseq.tsv,https://osdr.nasa.gov/geode-py/ws/studies/OSD-421/download?source=datamanager&file=GLDS-421_rna-seq_raw_md5sum.txt;https://osdr.nasa.gov/geode-py/ws/studies/OSD-421/download?source=datamanager&file=GLDS-421_rna-seq_raw_md5sum_GLbulkRNAseq.tsv;https://osdr.nasa.gov/geode-py/ws/studies/OSD-421/download?source=datamanager&file=GLDS-421_rna_seq_processed_md5sum_GLbulkRNAseq.tsv,291,md5,289,19c1cdf1a36433b2a251b2523a280114681cb3ac674dd506165120a36a7e5ef5;237a1352a4bfeabfb621c33cc7e2125c99a9bdea386775bfb87fa06c181a84bc;2ce593966523542c4356bf615b2312ee2e7b38edd19ba6cbdcf45d4b510211d9,checksum_manifest_parsed,false,"Checksum manifest entries were parsed, but payload files have not been downloaded and verified in this audit."
OSD-48,GLDS-48,RR-1,liver,A1_liver_bulk_lomo;A1_liver_bulk_lomo_combat;A1_liver_bulk_lomo_iss_only,https://visualization.osdr.nasa.gov/biodata/api/v2/dataset/OSD-48/files/,ok,8671bfbfc6232e90ff39c9e9b5cf31e8bac9406e73fff95c96a9b2b39facdbab,658,5,GLDS-48_Gwgbs_processed_md5sum_GLMethylSeq.tsv;GLDS-48_rna-seq_RR1-NASA.md5sum.txt;GLDS-48_rna-seq_raw_md5sum_GLbulkRNAseq.tsv;GLDS-48_rna_seq_processed_md5sum_GLbulkRNAseq.tsv;GLDS-48_wgbs_raw_md5sum_GLMethylSeq.tsv,https://osdr.nasa.gov/geode-py/ws/studies/OSD-48/download?source=datamanager&file=GLDS-48_Gwgbs_processed_md5sum_GLMethylSeq.tsv;https://osdr.nasa.gov/geode-py/ws/studies/OSD-48/download?source=datamanager&file=GLDS-48_rna-seq_RR1-NASA.md5sum.txt;https://osdr.nasa.gov/geode-py/ws/studies/OSD-48/download?source=datamanager&file=GLDS-48_rna-seq_raw_md5sum_GLbulkRNAseq.tsv;https://osdr.nasa.gov/geode-py/ws/studies/OSD-48/download?source=datamanager&file=GLDS-48_rna_seq_processed_md5sum_GLbulkRNAseq.tsv;https://osdr.nasa.gov/geode-py/ws/studies/OSD-48/download?source=datamanager&file=GLDS-48_wgbs_raw_md5sum_GLMethylSeq.tsv,589,md5,546,469741ab09f74d84bc45c16de8fd06513981926b303a8bb88a49ee3754b1749c;c6f6689faa11d90ca4d355a039bedba1f1abf2b54a943790ef67f6954046d776;c7f9f4aea0fa4db22155d0eed9148d01a2f6ed87bf3e7bbeae2cf35cfc2bf4d6;e000375d7d2d59077608dff3f8350943a71e2e85c723f70f57fbfde405af5710;e162f763aafcb02655c08e903894e4f9277bd3041b0cbc44d4189fe6db0290b5,checksum_manifest_parsed,false,"Checksum manifest entries were parsed, but payload files have not been downloaded and verified in this audit."
OSD-686,GLDS-617,MHU-2,liver,A1_liver_bulk_lomo;A1_liver_bulk_lomo_combat,https://visualization.osdr.nasa.gov/biodata/api/v2/dataset/OSD-686/files/,ok,771ab3ed33db62a0ce452673480962210e882e9375eb4238bae0dc526d949ea0,178,2,GLDS-617_rna-seq_raw_md5sum_GLbulkRNAseq.tsv;GLDS-617_rna_seq_processed_md5sum_GLbulkRNAseq.tsv,https://osdr.nasa.gov/geode-py/ws/studies/OSD-686/download?source=datamanager&file=GLDS-617_rna-seq_raw_md5sum_GLbulkRNAseq.tsv;https://osdr.nasa.gov/geode-py/ws/studies/OSD-686/download?source=datamanager&file=GLDS-617_rna_seq_processed_md5sum_GLbulkRNAseq.tsv,175,md5,156,a349b1a2d1a4142ec3c2deeabe9f1b1455026cdc3f9103db7eb2261f04331efd;c52e6803b97dbd5c98d9caca29e8670647939be78916a6deae1a6b186464a39c,checksum_manifest_parsed,false,"Checksum manifest entries were parsed, but payload files have not been downloaded and verified in this audit."
