source_id,glds_prefix,sample_id,parse_status,true_label,condition_raw,condition_stratum,organism,taxon_id,species_common_name,material_type,model_system,biospecimen_type,assay_modality,feature_namespace,genotype_or_ecotype,genotype_or_ecotype_type,parental_strain_or_background,allele_or_variant,light_treatment,replicate_hint,spaceflight_environment,ground_control_type,task_family,task_id,variant,processed_file_status,local_sample_table_path,local_matrix_path
OSD-207,GLDS-207,CS-Female_Ground_Control-13,parsed,Ground,Canton.S...Wild.Type...Ground.Control,Canton.S_Wild.Type,Drosophila melanogaster,7227,fruit_fly,whole_organism_or_tissue,drosophila_spaceflight,female_whole_body,bulk_rna_seq,species_gene_ids_pending,Canton.S_Wild.Type,drosophila_background_variant,Canton.S,Wild.Type,,sample_13,spaceflight,ground_control,multispecies_spaceflight,draft_multispecies_spaceflight,drosophila_whole_body,local_processed_counts_and_sample_table_present,data/multispecies/drosophila/GLDS-207_rna_seq_SampleTable_GLbulkRNAseq.csv,data/multispecies/drosophila/GLDS-207_rna_seq_Normalized_Counts_GLbulkRNAseq.csv
OSD-207,GLDS-207,CS-Female_Ground_Control-14,parsed,Ground,Canton.S...Wild.Type...Ground.Control,Canton.S_Wild.Type,Drosophila melanogaster,7227,fruit_fly,whole_organism_or_tissue,drosophila_spaceflight,female_whole_body,bulk_rna_seq,species_gene_ids_pending,Canton.S_Wild.Type,drosophila_background_variant,Canton.S,Wild.Type,,sample_14,spaceflight,ground_control,multispecies_spaceflight,draft_multispecies_spaceflight,drosophila_whole_body,local_processed_counts_and_sample_table_present,data/multispecies/drosophila/GLDS-207_rna_seq_SampleTable_GLbulkRNAseq.csv,data/multispecies/drosophila/GLDS-207_rna_seq_Normalized_Counts_GLbulkRNAseq.csv
OSD-207,GLDS-207,CS-Female_Ground_Control-15,parsed,Ground,Canton.S...Wild.Type...Ground.Control,Canton.S_Wild.Type,Drosophila melanogaster,7227,fruit_fly,whole_organism_or_tissue,drosophila_spaceflight,female_whole_body,bulk_rna_seq,species_gene_ids_pending,Canton.S_Wild.Type,drosophila_background_variant,Canton.S,Wild.Type,,sample_15,spaceflight,ground_control,multispecies_spaceflight,draft_multispecies_spaceflight,drosophila_whole_body,local_processed_counts_and_sample_table_present,data/multispecies/drosophila/GLDS-207_rna_seq_SampleTable_GLbulkRNAseq.csv,data/multispecies/drosophila/GLDS-207_rna_seq_Normalized_Counts_GLbulkRNAseq.csv
OSD-207,GLDS-207,CS-Female_Ground_Control-16,parsed,Ground,Canton.S...Wild.Type...Ground.Control,Canton.S_Wild.Type,Drosophila melanogaster,7227,fruit_fly,whole_organism_or_tissue,drosophila_spaceflight,female_whole_body,bulk_rna_seq,species_gene_ids_pending,Canton.S_Wild.Type,drosophila_background_variant,Canton.S,Wild.Type,,sample_16,spaceflight,ground_control,multispecies_spaceflight,draft_multispecies_spaceflight,drosophila_whole_body,local_processed_counts_and_sample_table_present,data/multispecies/drosophila/GLDS-207_rna_seq_SampleTable_GLbulkRNAseq.csv,data/multispecies/drosophila/GLDS-207_rna_seq_Normalized_Counts_GLbulkRNAseq.csv
OSD-207,GLDS-207,CS-Female_Space_Flown-29,parsed,LEO_or_ISS,Canton.S...Wild.Type...Space.Flight,Canton.S_Wild.Type,Drosophila melanogaster,7227,fruit_fly,whole_organism_or_tissue,drosophila_spaceflight,female_whole_body,bulk_rna_seq,species_gene_ids_pending,Canton.S_Wild.Type,drosophila_background_variant,Canton.S,Wild.Type,,sample_29,spaceflight,ground_control,multispecies_spaceflight,draft_multispecies_spaceflight,drosophila_whole_body,local_processed_counts_and_sample_table_present,data/multispecies/drosophila/GLDS-207_rna_seq_SampleTable_GLbulkRNAseq.csv,data/multispecies/drosophila/GLDS-207_rna_seq_Normalized_Counts_GLbulkRNAseq.csv
OSD-207,GLDS-207,CS-Female_Space_Flown-30,parsed,LEO_or_ISS,Canton.S...Wild.Type...Space.Flight,Canton.S_Wild.Type,Drosophila melanogaster,7227,fruit_fly,whole_organism_or_tissue,drosophila_spaceflight,female_whole_body,bulk_rna_seq,species_gene_ids_pending,Canton.S_Wild.Type,drosophila_background_variant,Canton.S,Wild.Type,,sample_30,spaceflight,ground_control,multispecies_spaceflight,draft_multispecies_spaceflight,drosophila_whole_body,local_processed_counts_and_sample_table_present,data/multispecies/drosophila/GLDS-207_rna_seq_SampleTable_GLbulkRNAseq.csv,data/multispecies/drosophila/GLDS-207_rna_seq_Normalized_Counts_GLbulkRNAseq.csv
OSD-207,GLDS-207,CS-Female_Space_Flown-31,parsed,LEO_or_ISS,Canton.S...Wild.Type...Space.Flight,Canton.S_Wild.Type,Drosophila melanogaster,7227,fruit_fly,whole_organism_or_tissue,drosophila_spaceflight,female_whole_body,bulk_rna_seq,species_gene_ids_pending,Canton.S_Wild.Type,drosophila_background_variant,Canton.S,Wild.Type,,sample_31,spaceflight,ground_control,multispecies_spaceflight,draft_multispecies_spaceflight,drosophila_whole_body,local_processed_counts_and_sample_table_present,data/multispecies/drosophila/GLDS-207_rna_seq_SampleTable_GLbulkRNAseq.csv,data/multispecies/drosophila/GLDS-207_rna_seq_Normalized_Counts_GLbulkRNAseq.csv
OSD-207,GLDS-207,CS-Female_Space_Flown-32,parsed,LEO_or_ISS,Canton.S...Wild.Type...Space.Flight,Canton.S_Wild.Type,Drosophila melanogaster,7227,fruit_fly,whole_organism_or_tissue,drosophila_spaceflight,female_whole_body,bulk_rna_seq,species_gene_ids_pending,Canton.S_Wild.Type,drosophila_background_variant,Canton.S,Wild.Type,,sample_32,spaceflight,ground_control,multispecies_spaceflight,draft_multispecies_spaceflight,drosophila_whole_body,local_processed_counts_and_sample_table_present,data/multispecies/drosophila/GLDS-207_rna_seq_SampleTable_GLbulkRNAseq.csv,data/multispecies/drosophila/GLDS-207_rna_seq_Normalized_Counts_GLbulkRNAseq.csv
OSD-207,GLDS-207,KCNQ370_Female_Ground_Control-01,parsed,Ground,w1118...KCNQ370...Ground.Control,w1118_KCNQ370,Drosophila melanogaster,7227,fruit_fly,whole_organism_or_tissue,drosophila_spaceflight,female_whole_body,bulk_rna_seq,species_gene_ids_pending,w1118_KCNQ370,drosophila_background_variant,w1118,KCNQ370,,sample_01,spaceflight,ground_control,multispecies_spaceflight,draft_multispecies_spaceflight,drosophila_whole_body,local_processed_counts_and_sample_table_present,data/multispecies/drosophila/GLDS-207_rna_seq_SampleTable_GLbulkRNAseq.csv,data/multispecies/drosophila/GLDS-207_rna_seq_Normalized_Counts_GLbulkRNAseq.csv
OSD-207,GLDS-207,KCNQ370_Female_Ground_Control-02,parsed,Ground,w1118...KCNQ370...Ground.Control,w1118_KCNQ370,Drosophila melanogaster,7227,fruit_fly,whole_organism_or_tissue,drosophila_spaceflight,female_whole_body,bulk_rna_seq,species_gene_ids_pending,w1118_KCNQ370,drosophila_background_variant,w1118,KCNQ370,,sample_02,spaceflight,ground_control,multispecies_spaceflight,draft_multispecies_spaceflight,drosophila_whole_body,local_processed_counts_and_sample_table_present,data/multispecies/drosophila/GLDS-207_rna_seq_SampleTable_GLbulkRNAseq.csv,data/multispecies/drosophila/GLDS-207_rna_seq_Normalized_Counts_GLbulkRNAseq.csv
OSD-207,GLDS-207,KCNQ370_Female_Ground_Control-03,parsed,Ground,w1118...KCNQ370...Ground.Control,w1118_KCNQ370,Drosophila melanogaster,7227,fruit_fly,whole_organism_or_tissue,drosophila_spaceflight,female_whole_body,bulk_rna_seq,species_gene_ids_pending,w1118_KCNQ370,drosophila_background_variant,w1118,KCNQ370,,sample_03,spaceflight,ground_control,multispecies_spaceflight,draft_multispecies_spaceflight,drosophila_whole_body,local_processed_counts_and_sample_table_present,data/multispecies/drosophila/GLDS-207_rna_seq_SampleTable_GLbulkRNAseq.csv,data/multispecies/drosophila/GLDS-207_rna_seq_Normalized_Counts_GLbulkRNAseq.csv
OSD-207,GLDS-207,KCNQ370_Female_Ground_Control-04,parsed,Ground,w1118...KCNQ370...Ground.Control,w1118_KCNQ370,Drosophila melanogaster,7227,fruit_fly,whole_organism_or_tissue,drosophila_spaceflight,female_whole_body,bulk_rna_seq,species_gene_ids_pending,w1118_KCNQ370,drosophila_background_variant,w1118,KCNQ370,,sample_04,spaceflight,ground_control,multispecies_spaceflight,draft_multispecies_spaceflight,drosophila_whole_body,local_processed_counts_and_sample_table_present,data/multispecies/drosophila/GLDS-207_rna_seq_SampleTable_GLbulkRNAseq.csv,data/multispecies/drosophila/GLDS-207_rna_seq_Normalized_Counts_GLbulkRNAseq.csv
OSD-207,GLDS-207,KCNQ370_Female_Space_Flown-17,parsed,LEO_or_ISS,w1118...KCNQ370...Space.Flight,w1118_KCNQ370,Drosophila melanogaster,7227,fruit_fly,whole_organism_or_tissue,drosophila_spaceflight,female_whole_body,bulk_rna_seq,species_gene_ids_pending,w1118_KCNQ370,drosophila_background_variant,w1118,KCNQ370,,sample_17,spaceflight,ground_control,multispecies_spaceflight,draft_multispecies_spaceflight,drosophila_whole_body,local_processed_counts_and_sample_table_present,data/multispecies/drosophila/GLDS-207_rna_seq_SampleTable_GLbulkRNAseq.csv,data/multispecies/drosophila/GLDS-207_rna_seq_Normalized_Counts_GLbulkRNAseq.csv
OSD-207,GLDS-207,KCNQ370_Female_Space_Flown-18,parsed,LEO_or_ISS,w1118...KCNQ370...Space.Flight,w1118_KCNQ370,Drosophila melanogaster,7227,fruit_fly,whole_organism_or_tissue,drosophila_spaceflight,female_whole_body,bulk_rna_seq,species_gene_ids_pending,w1118_KCNQ370,drosophila_background_variant,w1118,KCNQ370,,sample_18,spaceflight,ground_control,multispecies_spaceflight,draft_multispecies_spaceflight,drosophila_whole_body,local_processed_counts_and_sample_table_present,data/multispecies/drosophila/GLDS-207_rna_seq_SampleTable_GLbulkRNAseq.csv,data/multispecies/drosophila/GLDS-207_rna_seq_Normalized_Counts_GLbulkRNAseq.csv
OSD-207,GLDS-207,KCNQ370_Female_Space_Flown-19,parsed,LEO_or_ISS,w1118...KCNQ370...Space.Flight,w1118_KCNQ370,Drosophila melanogaster,7227,fruit_fly,whole_organism_or_tissue,drosophila_spaceflight,female_whole_body,bulk_rna_seq,species_gene_ids_pending,w1118_KCNQ370,drosophila_background_variant,w1118,KCNQ370,,sample_19,spaceflight,ground_control,multispecies_spaceflight,draft_multispecies_spaceflight,drosophila_whole_body,local_processed_counts_and_sample_table_present,data/multispecies/drosophila/GLDS-207_rna_seq_SampleTable_GLbulkRNAseq.csv,data/multispecies/drosophila/GLDS-207_rna_seq_Normalized_Counts_GLbulkRNAseq.csv
OSD-207,GLDS-207,KCNQ370_Female_Space_Flown-20,parsed,LEO_or_ISS,w1118...KCNQ370...Space.Flight,w1118_KCNQ370,Drosophila melanogaster,7227,fruit_fly,whole_organism_or_tissue,drosophila_spaceflight,female_whole_body,bulk_rna_seq,species_gene_ids_pending,w1118_KCNQ370,drosophila_background_variant,w1118,KCNQ370,,sample_20,spaceflight,ground_control,multispecies_spaceflight,draft_multispecies_spaceflight,drosophila_whole_body,local_processed_counts_and_sample_table_present,data/multispecies/drosophila/GLDS-207_rna_seq_SampleTable_GLbulkRNAseq.csv,data/multispecies/drosophila/GLDS-207_rna_seq_Normalized_Counts_GLbulkRNAseq.csv
OSD-207,GLDS-207,KCNQ97_Female_Ground_Control-05,parsed,Ground,w1118...Wild.Type...Ground.Control,w1118_Wild.Type,Drosophila melanogaster,7227,fruit_fly,whole_organism_or_tissue,drosophila_spaceflight,female_whole_body,bulk_rna_seq,species_gene_ids_pending,w1118_Wild.Type,drosophila_background_variant,w1118,Wild.Type,,sample_05,spaceflight,ground_control,multispecies_spaceflight,draft_multispecies_spaceflight,drosophila_whole_body,local_processed_counts_and_sample_table_present,data/multispecies/drosophila/GLDS-207_rna_seq_SampleTable_GLbulkRNAseq.csv,data/multispecies/drosophila/GLDS-207_rna_seq_Normalized_Counts_GLbulkRNAseq.csv
OSD-207,GLDS-207,KCNQ97_Female_Ground_Control-06,parsed,Ground,w1118...Wild.Type...Ground.Control,w1118_Wild.Type,Drosophila melanogaster,7227,fruit_fly,whole_organism_or_tissue,drosophila_spaceflight,female_whole_body,bulk_rna_seq,species_gene_ids_pending,w1118_Wild.Type,drosophila_background_variant,w1118,Wild.Type,,sample_06,spaceflight,ground_control,multispecies_spaceflight,draft_multispecies_spaceflight,drosophila_whole_body,local_processed_counts_and_sample_table_present,data/multispecies/drosophila/GLDS-207_rna_seq_SampleTable_GLbulkRNAseq.csv,data/multispecies/drosophila/GLDS-207_rna_seq_Normalized_Counts_GLbulkRNAseq.csv
OSD-207,GLDS-207,KCNQ97_Female_Ground_Control-07,parsed,Ground,w1118...Wild.Type...Ground.Control,w1118_Wild.Type,Drosophila melanogaster,7227,fruit_fly,whole_organism_or_tissue,drosophila_spaceflight,female_whole_body,bulk_rna_seq,species_gene_ids_pending,w1118_Wild.Type,drosophila_background_variant,w1118,Wild.Type,,sample_07,spaceflight,ground_control,multispecies_spaceflight,draft_multispecies_spaceflight,drosophila_whole_body,local_processed_counts_and_sample_table_present,data/multispecies/drosophila/GLDS-207_rna_seq_SampleTable_GLbulkRNAseq.csv,data/multispecies/drosophila/GLDS-207_rna_seq_Normalized_Counts_GLbulkRNAseq.csv
OSD-207,GLDS-207,KCNQ97_Female_Ground_Control-08,parsed,Ground,w1118...Wild.Type...Ground.Control,w1118_Wild.Type,Drosophila melanogaster,7227,fruit_fly,whole_organism_or_tissue,drosophila_spaceflight,female_whole_body,bulk_rna_seq,species_gene_ids_pending,w1118_Wild.Type,drosophila_background_variant,w1118,Wild.Type,,sample_08,spaceflight,ground_control,multispecies_spaceflight,draft_multispecies_spaceflight,drosophila_whole_body,local_processed_counts_and_sample_table_present,data/multispecies/drosophila/GLDS-207_rna_seq_SampleTable_GLbulkRNAseq.csv,data/multispecies/drosophila/GLDS-207_rna_seq_Normalized_Counts_GLbulkRNAseq.csv
OSD-207,GLDS-207,KCNQ97_Female_Space_Flown-21,parsed,LEO_or_ISS,w1118...Wild.Type...Space.Flight,w1118_Wild.Type,Drosophila melanogaster,7227,fruit_fly,whole_organism_or_tissue,drosophila_spaceflight,female_whole_body,bulk_rna_seq,species_gene_ids_pending,w1118_Wild.Type,drosophila_background_variant,w1118,Wild.Type,,sample_21,spaceflight,ground_control,multispecies_spaceflight,draft_multispecies_spaceflight,drosophila_whole_body,local_processed_counts_and_sample_table_present,data/multispecies/drosophila/GLDS-207_rna_seq_SampleTable_GLbulkRNAseq.csv,data/multispecies/drosophila/GLDS-207_rna_seq_Normalized_Counts_GLbulkRNAseq.csv
OSD-207,GLDS-207,KCNQ97_Female_Space_Flown-22,parsed,LEO_or_ISS,w1118...Wild.Type...Space.Flight,w1118_Wild.Type,Drosophila melanogaster,7227,fruit_fly,whole_organism_or_tissue,drosophila_spaceflight,female_whole_body,bulk_rna_seq,species_gene_ids_pending,w1118_Wild.Type,drosophila_background_variant,w1118,Wild.Type,,sample_22,spaceflight,ground_control,multispecies_spaceflight,draft_multispecies_spaceflight,drosophila_whole_body,local_processed_counts_and_sample_table_present,data/multispecies/drosophila/GLDS-207_rna_seq_SampleTable_GLbulkRNAseq.csv,data/multispecies/drosophila/GLDS-207_rna_seq_Normalized_Counts_GLbulkRNAseq.csv
OSD-207,GLDS-207,KCNQ97_Female_Space_Flown-23,parsed,LEO_or_ISS,w1118...Wild.Type...Space.Flight,w1118_Wild.Type,Drosophila melanogaster,7227,fruit_fly,whole_organism_or_tissue,drosophila_spaceflight,female_whole_body,bulk_rna_seq,species_gene_ids_pending,w1118_Wild.Type,drosophila_background_variant,w1118,Wild.Type,,sample_23,spaceflight,ground_control,multispecies_spaceflight,draft_multispecies_spaceflight,drosophila_whole_body,local_processed_counts_and_sample_table_present,data/multispecies/drosophila/GLDS-207_rna_seq_SampleTable_GLbulkRNAseq.csv,data/multispecies/drosophila/GLDS-207_rna_seq_Normalized_Counts_GLbulkRNAseq.csv
OSD-207,GLDS-207,KCNQ97_Female_Space_Flown-24,parsed,LEO_or_ISS,w1118...Wild.Type...Space.Flight,w1118_Wild.Type,Drosophila melanogaster,7227,fruit_fly,whole_organism_or_tissue,drosophila_spaceflight,female_whole_body,bulk_rna_seq,species_gene_ids_pending,w1118_Wild.Type,drosophila_background_variant,w1118,Wild.Type,,sample_24,spaceflight,ground_control,multispecies_spaceflight,draft_multispecies_spaceflight,drosophila_whole_body,local_processed_counts_and_sample_table_present,data/multispecies/drosophila/GLDS-207_rna_seq_SampleTable_GLbulkRNAseq.csv,data/multispecies/drosophila/GLDS-207_rna_seq_Normalized_Counts_GLbulkRNAseq.csv
OSD-207,GLDS-207,Sei_ts1-Female_Ground_Control-09,parsed,Ground,Canton.S...Sei.ts1...Ground.Control,Canton.S_Sei.ts1,Drosophila melanogaster,7227,fruit_fly,whole_organism_or_tissue,drosophila_spaceflight,female_whole_body,bulk_rna_seq,species_gene_ids_pending,Canton.S_Sei.ts1,drosophila_background_variant,Canton.S,Sei.ts1,,sample_09,spaceflight,ground_control,multispecies_spaceflight,draft_multispecies_spaceflight,drosophila_whole_body,local_processed_counts_and_sample_table_present,data/multispecies/drosophila/GLDS-207_rna_seq_SampleTable_GLbulkRNAseq.csv,data/multispecies/drosophila/GLDS-207_rna_seq_Normalized_Counts_GLbulkRNAseq.csv
OSD-207,GLDS-207,Sei_ts1-Female_Ground_Control-10,parsed,Ground,Canton.S...Sei.ts1...Ground.Control,Canton.S_Sei.ts1,Drosophila melanogaster,7227,fruit_fly,whole_organism_or_tissue,drosophila_spaceflight,female_whole_body,bulk_rna_seq,species_gene_ids_pending,Canton.S_Sei.ts1,drosophila_background_variant,Canton.S,Sei.ts1,,sample_10,spaceflight,ground_control,multispecies_spaceflight,draft_multispecies_spaceflight,drosophila_whole_body,local_processed_counts_and_sample_table_present,data/multispecies/drosophila/GLDS-207_rna_seq_SampleTable_GLbulkRNAseq.csv,data/multispecies/drosophila/GLDS-207_rna_seq_Normalized_Counts_GLbulkRNAseq.csv
OSD-207,GLDS-207,Sei_ts1-Female_Ground_Control-11,parsed,Ground,Canton.S...Sei.ts1...Ground.Control,Canton.S_Sei.ts1,Drosophila melanogaster,7227,fruit_fly,whole_organism_or_tissue,drosophila_spaceflight,female_whole_body,bulk_rna_seq,species_gene_ids_pending,Canton.S_Sei.ts1,drosophila_background_variant,Canton.S,Sei.ts1,,sample_11,spaceflight,ground_control,multispecies_spaceflight,draft_multispecies_spaceflight,drosophila_whole_body,local_processed_counts_and_sample_table_present,data/multispecies/drosophila/GLDS-207_rna_seq_SampleTable_GLbulkRNAseq.csv,data/multispecies/drosophila/GLDS-207_rna_seq_Normalized_Counts_GLbulkRNAseq.csv
OSD-207,GLDS-207,Sei_ts1-Female_Ground_Control-12,parsed,Ground,Canton.S...Sei.ts1...Ground.Control,Canton.S_Sei.ts1,Drosophila melanogaster,7227,fruit_fly,whole_organism_or_tissue,drosophila_spaceflight,female_whole_body,bulk_rna_seq,species_gene_ids_pending,Canton.S_Sei.ts1,drosophila_background_variant,Canton.S,Sei.ts1,,sample_12,spaceflight,ground_control,multispecies_spaceflight,draft_multispecies_spaceflight,drosophila_whole_body,local_processed_counts_and_sample_table_present,data/multispecies/drosophila/GLDS-207_rna_seq_SampleTable_GLbulkRNAseq.csv,data/multispecies/drosophila/GLDS-207_rna_seq_Normalized_Counts_GLbulkRNAseq.csv
OSD-207,GLDS-207,Sei_ts1-Female_Space_Flown-25,parsed,LEO_or_ISS,Canton.S...Sei.ts1...Space.Flight,Canton.S_Sei.ts1,Drosophila melanogaster,7227,fruit_fly,whole_organism_or_tissue,drosophila_spaceflight,female_whole_body,bulk_rna_seq,species_gene_ids_pending,Canton.S_Sei.ts1,drosophila_background_variant,Canton.S,Sei.ts1,,sample_25,spaceflight,ground_control,multispecies_spaceflight,draft_multispecies_spaceflight,drosophila_whole_body,local_processed_counts_and_sample_table_present,data/multispecies/drosophila/GLDS-207_rna_seq_SampleTable_GLbulkRNAseq.csv,data/multispecies/drosophila/GLDS-207_rna_seq_Normalized_Counts_GLbulkRNAseq.csv
OSD-207,GLDS-207,Sei_ts1-Female_Space_Flown-26,parsed,LEO_or_ISS,Canton.S...Sei.ts1...Space.Flight,Canton.S_Sei.ts1,Drosophila melanogaster,7227,fruit_fly,whole_organism_or_tissue,drosophila_spaceflight,female_whole_body,bulk_rna_seq,species_gene_ids_pending,Canton.S_Sei.ts1,drosophila_background_variant,Canton.S,Sei.ts1,,sample_26,spaceflight,ground_control,multispecies_spaceflight,draft_multispecies_spaceflight,drosophila_whole_body,local_processed_counts_and_sample_table_present,data/multispecies/drosophila/GLDS-207_rna_seq_SampleTable_GLbulkRNAseq.csv,data/multispecies/drosophila/GLDS-207_rna_seq_Normalized_Counts_GLbulkRNAseq.csv
OSD-207,GLDS-207,Sei_ts1-Female_Space_Flown-27,parsed,LEO_or_ISS,Canton.S...Sei.ts1...Space.Flight,Canton.S_Sei.ts1,Drosophila melanogaster,7227,fruit_fly,whole_organism_or_tissue,drosophila_spaceflight,female_whole_body,bulk_rna_seq,species_gene_ids_pending,Canton.S_Sei.ts1,drosophila_background_variant,Canton.S,Sei.ts1,,sample_27,spaceflight,ground_control,multispecies_spaceflight,draft_multispecies_spaceflight,drosophila_whole_body,local_processed_counts_and_sample_table_present,data/multispecies/drosophila/GLDS-207_rna_seq_SampleTable_GLbulkRNAseq.csv,data/multispecies/drosophila/GLDS-207_rna_seq_Normalized_Counts_GLbulkRNAseq.csv
OSD-207,GLDS-207,Sei_ts1-Female_Space_Flown-28,parsed,LEO_or_ISS,Canton.S...Sei.ts1...Space.Flight,Canton.S_Sei.ts1,Drosophila melanogaster,7227,fruit_fly,whole_organism_or_tissue,drosophila_spaceflight,female_whole_body,bulk_rna_seq,species_gene_ids_pending,Canton.S_Sei.ts1,drosophila_background_variant,Canton.S,Sei.ts1,,sample_28,spaceflight,ground_control,multispecies_spaceflight,draft_multispecies_spaceflight,drosophila_whole_body,local_processed_counts_and_sample_table_present,data/multispecies/drosophila/GLDS-207_rna_seq_SampleTable_GLbulkRNAseq.csv,data/multispecies/drosophila/GLDS-207_rna_seq_Normalized_Counts_GLbulkRNAseq.csv
OSD-37,GLDS-37,Atha_Ws-2_sl-pool_FLT_Rep1_R1-FL-C1,parsed,LEO_or_ISS,Space.Flight...Ws.2,Ws.2,Arabidopsis thaliana,3702,thale_cress,plant_tissue,arabidopsis_spaceflight,seedling_pool,bulk_rna_seq,species_gene_ids_pending,Ws.2,arabidopsis_ecotype,,,,Rep1,spaceflight,ground_control,multispecies_spaceflight,draft_multispecies_spaceflight,arabidopsis_seedling_pool,local_processed_counts_and_sample_table_present,data/multispecies/arabidopsis/GLDS-37_rna_seq_SampleTable_GLbulkRNAseq.csv,data/multispecies/arabidopsis/GLDS-37_rna_seq_Normalized_Counts_GLbulkRNAseq.csv
OSD-37,GLDS-37,Atha_Ler-0_sl-pool_FLT_Rep1_R1-FL-C2,parsed,LEO_or_ISS,Space.Flight...Ler.0,Ler.0,Arabidopsis thaliana,3702,thale_cress,plant_tissue,arabidopsis_spaceflight,seedling_pool,bulk_rna_seq,species_gene_ids_pending,Ler.0,arabidopsis_ecotype,,,,Rep1,spaceflight,ground_control,multispecies_spaceflight,draft_multispecies_spaceflight,arabidopsis_seedling_pool,local_processed_counts_and_sample_table_present,data/multispecies/arabidopsis/GLDS-37_rna_seq_SampleTable_GLbulkRNAseq.csv,data/multispecies/arabidopsis/GLDS-37_rna_seq_Normalized_Counts_GLbulkRNAseq.csv
OSD-37,GLDS-37,Atha_Cvi-0_sl-pool_FLT_Rep1_R1-FL-C3,parsed,LEO_or_ISS,Space.Flight...Cvi.0,Cvi.0,Arabidopsis thaliana,3702,thale_cress,plant_tissue,arabidopsis_spaceflight,seedling_pool,bulk_rna_seq,species_gene_ids_pending,Cvi.0,arabidopsis_ecotype,,,,Rep1,spaceflight,ground_control,multispecies_spaceflight,draft_multispecies_spaceflight,arabidopsis_seedling_pool,local_processed_counts_and_sample_table_present,data/multispecies/arabidopsis/GLDS-37_rna_seq_SampleTable_GLbulkRNAseq.csv,data/multispecies/arabidopsis/GLDS-37_rna_seq_Normalized_Counts_GLbulkRNAseq.csv
OSD-37,GLDS-37,Atha_Ws-2_sl-pool_FLT_Rep2_R1-FL-C4,parsed,LEO_or_ISS,Space.Flight...Ws.2,Ws.2,Arabidopsis thaliana,3702,thale_cress,plant_tissue,arabidopsis_spaceflight,seedling_pool,bulk_rna_seq,species_gene_ids_pending,Ws.2,arabidopsis_ecotype,,,,Rep2,spaceflight,ground_control,multispecies_spaceflight,draft_multispecies_spaceflight,arabidopsis_seedling_pool,local_processed_counts_and_sample_table_present,data/multispecies/arabidopsis/GLDS-37_rna_seq_SampleTable_GLbulkRNAseq.csv,data/multispecies/arabidopsis/GLDS-37_rna_seq_Normalized_Counts_GLbulkRNAseq.csv
OSD-37,GLDS-37,Atha_Ler-0_sl-pool_FLT_Rep2_R1-FL-C5,parsed,LEO_or_ISS,Space.Flight...Ler.0,Ler.0,Arabidopsis thaliana,3702,thale_cress,plant_tissue,arabidopsis_spaceflight,seedling_pool,bulk_rna_seq,species_gene_ids_pending,Ler.0,arabidopsis_ecotype,,,,Rep2,spaceflight,ground_control,multispecies_spaceflight,draft_multispecies_spaceflight,arabidopsis_seedling_pool,local_processed_counts_and_sample_table_present,data/multispecies/arabidopsis/GLDS-37_rna_seq_SampleTable_GLbulkRNAseq.csv,data/multispecies/arabidopsis/GLDS-37_rna_seq_Normalized_Counts_GLbulkRNAseq.csv
OSD-37,GLDS-37,Atha_Ws-2_sl-pool_FLT_Rep3_R1-FL-D1,parsed,LEO_or_ISS,Space.Flight...Ws.2,Ws.2,Arabidopsis thaliana,3702,thale_cress,plant_tissue,arabidopsis_spaceflight,seedling_pool,bulk_rna_seq,species_gene_ids_pending,Ws.2,arabidopsis_ecotype,,,,Rep3,spaceflight,ground_control,multispecies_spaceflight,draft_multispecies_spaceflight,arabidopsis_seedling_pool,local_processed_counts_and_sample_table_present,data/multispecies/arabidopsis/GLDS-37_rna_seq_SampleTable_GLbulkRNAseq.csv,data/multispecies/arabidopsis/GLDS-37_rna_seq_Normalized_Counts_GLbulkRNAseq.csv
OSD-37,GLDS-37,Atha_Cvi-0_sl-pool_FLT_Rep2_R1-FL-D2,parsed,LEO_or_ISS,Space.Flight...Cvi.0,Cvi.0,Arabidopsis thaliana,3702,thale_cress,plant_tissue,arabidopsis_spaceflight,seedling_pool,bulk_rna_seq,species_gene_ids_pending,Cvi.0,arabidopsis_ecotype,,,,Rep2,spaceflight,ground_control,multispecies_spaceflight,draft_multispecies_spaceflight,arabidopsis_seedling_pool,local_processed_counts_and_sample_table_present,data/multispecies/arabidopsis/GLDS-37_rna_seq_SampleTable_GLbulkRNAseq.csv,data/multispecies/arabidopsis/GLDS-37_rna_seq_Normalized_Counts_GLbulkRNAseq.csv
OSD-37,GLDS-37,Atha_Ler-0_sl-pool_FLT_Rep3_R1-FL-D3,parsed,LEO_or_ISS,Space.Flight...Ler.0,Ler.0,Arabidopsis thaliana,3702,thale_cress,plant_tissue,arabidopsis_spaceflight,seedling_pool,bulk_rna_seq,species_gene_ids_pending,Ler.0,arabidopsis_ecotype,,,,Rep3,spaceflight,ground_control,multispecies_spaceflight,draft_multispecies_spaceflight,arabidopsis_seedling_pool,local_processed_counts_and_sample_table_present,data/multispecies/arabidopsis/GLDS-37_rna_seq_SampleTable_GLbulkRNAseq.csv,data/multispecies/arabidopsis/GLDS-37_rna_seq_Normalized_Counts_GLbulkRNAseq.csv
OSD-37,GLDS-37,Atha_Ws-2_sl-pool_FLT_Rep4_R1-FL-D4,parsed,LEO_or_ISS,Space.Flight...Ws.2,Ws.2,Arabidopsis thaliana,3702,thale_cress,plant_tissue,arabidopsis_spaceflight,seedling_pool,bulk_rna_seq,species_gene_ids_pending,Ws.2,arabidopsis_ecotype,,,,Rep4,spaceflight,ground_control,multispecies_spaceflight,draft_multispecies_spaceflight,arabidopsis_seedling_pool,local_processed_counts_and_sample_table_present,data/multispecies/arabidopsis/GLDS-37_rna_seq_SampleTable_GLbulkRNAseq.csv,data/multispecies/arabidopsis/GLDS-37_rna_seq_Normalized_Counts_GLbulkRNAseq.csv
OSD-37,GLDS-37,Atha_Cvi-0_sl-pool_FLT_Rep3_R1-FL-D5,parsed,LEO_or_ISS,Space.Flight...Cvi.0,Cvi.0,Arabidopsis thaliana,3702,thale_cress,plant_tissue,arabidopsis_spaceflight,seedling_pool,bulk_rna_seq,species_gene_ids_pending,Cvi.0,arabidopsis_ecotype,,,,Rep3,spaceflight,ground_control,multispecies_spaceflight,draft_multispecies_spaceflight,arabidopsis_seedling_pool,local_processed_counts_and_sample_table_present,data/multispecies/arabidopsis/GLDS-37_rna_seq_SampleTable_GLbulkRNAseq.csv,data/multispecies/arabidopsis/GLDS-37_rna_seq_Normalized_Counts_GLbulkRNAseq.csv
OSD-37,GLDS-37,Atha_Ws-2_sl-pool_GC_Rep1_R1-GC-C1,parsed,Ground,Ground.Control...Ws.2,Ws.2,Arabidopsis thaliana,3702,thale_cress,plant_tissue,arabidopsis_spaceflight,seedling_pool,bulk_rna_seq,species_gene_ids_pending,Ws.2,arabidopsis_ecotype,,,,Rep1,spaceflight,ground_control,multispecies_spaceflight,draft_multispecies_spaceflight,arabidopsis_seedling_pool,local_processed_counts_and_sample_table_present,data/multispecies/arabidopsis/GLDS-37_rna_seq_SampleTable_GLbulkRNAseq.csv,data/multispecies/arabidopsis/GLDS-37_rna_seq_Normalized_Counts_GLbulkRNAseq.csv
OSD-37,GLDS-37,Atha_Ler-0_sl-pool_GC_Rep1_R1-GC-C2,parsed,Ground,Ground.Control...Ler.0,Ler.0,Arabidopsis thaliana,3702,thale_cress,plant_tissue,arabidopsis_spaceflight,seedling_pool,bulk_rna_seq,species_gene_ids_pending,Ler.0,arabidopsis_ecotype,,,,Rep1,spaceflight,ground_control,multispecies_spaceflight,draft_multispecies_spaceflight,arabidopsis_seedling_pool,local_processed_counts_and_sample_table_present,data/multispecies/arabidopsis/GLDS-37_rna_seq_SampleTable_GLbulkRNAseq.csv,data/multispecies/arabidopsis/GLDS-37_rna_seq_Normalized_Counts_GLbulkRNAseq.csv
OSD-37,GLDS-37,Atha_Cvi-0_sl-pool_GC_Rep1_R1-GC-C3,parsed,Ground,Ground.Control...Cvi.0,Cvi.0,Arabidopsis thaliana,3702,thale_cress,plant_tissue,arabidopsis_spaceflight,seedling_pool,bulk_rna_seq,species_gene_ids_pending,Cvi.0,arabidopsis_ecotype,,,,Rep1,spaceflight,ground_control,multispecies_spaceflight,draft_multispecies_spaceflight,arabidopsis_seedling_pool,local_processed_counts_and_sample_table_present,data/multispecies/arabidopsis/GLDS-37_rna_seq_SampleTable_GLbulkRNAseq.csv,data/multispecies/arabidopsis/GLDS-37_rna_seq_Normalized_Counts_GLbulkRNAseq.csv
OSD-37,GLDS-37,Atha_Ws-2_sl-pool_GC_Rep2_R1-GC-C4,parsed,Ground,Ground.Control...Ws.2,Ws.2,Arabidopsis thaliana,3702,thale_cress,plant_tissue,arabidopsis_spaceflight,seedling_pool,bulk_rna_seq,species_gene_ids_pending,Ws.2,arabidopsis_ecotype,,,,Rep2,spaceflight,ground_control,multispecies_spaceflight,draft_multispecies_spaceflight,arabidopsis_seedling_pool,local_processed_counts_and_sample_table_present,data/multispecies/arabidopsis/GLDS-37_rna_seq_SampleTable_GLbulkRNAseq.csv,data/multispecies/arabidopsis/GLDS-37_rna_seq_Normalized_Counts_GLbulkRNAseq.csv
OSD-37,GLDS-37,Atha_Ler-0_sl-pool_GC_Rep2_R1-GC-C5,parsed,Ground,Ground.Control...Ler.0,Ler.0,Arabidopsis thaliana,3702,thale_cress,plant_tissue,arabidopsis_spaceflight,seedling_pool,bulk_rna_seq,species_gene_ids_pending,Ler.0,arabidopsis_ecotype,,,,Rep2,spaceflight,ground_control,multispecies_spaceflight,draft_multispecies_spaceflight,arabidopsis_seedling_pool,local_processed_counts_and_sample_table_present,data/multispecies/arabidopsis/GLDS-37_rna_seq_SampleTable_GLbulkRNAseq.csv,data/multispecies/arabidopsis/GLDS-37_rna_seq_Normalized_Counts_GLbulkRNAseq.csv
OSD-37,GLDS-37,Atha_Ws-2_sl-pool_GC_Rep3_R1-GC-D1,parsed,Ground,Ground.Control...Ws.2,Ws.2,Arabidopsis thaliana,3702,thale_cress,plant_tissue,arabidopsis_spaceflight,seedling_pool,bulk_rna_seq,species_gene_ids_pending,Ws.2,arabidopsis_ecotype,,,,Rep3,spaceflight,ground_control,multispecies_spaceflight,draft_multispecies_spaceflight,arabidopsis_seedling_pool,local_processed_counts_and_sample_table_present,data/multispecies/arabidopsis/GLDS-37_rna_seq_SampleTable_GLbulkRNAseq.csv,data/multispecies/arabidopsis/GLDS-37_rna_seq_Normalized_Counts_GLbulkRNAseq.csv
OSD-37,GLDS-37,Atha_Cvi-0_sl-pool_GC_Rep2_R1-GC-D2,parsed,Ground,Ground.Control...Cvi.0,Cvi.0,Arabidopsis thaliana,3702,thale_cress,plant_tissue,arabidopsis_spaceflight,seedling_pool,bulk_rna_seq,species_gene_ids_pending,Cvi.0,arabidopsis_ecotype,,,,Rep2,spaceflight,ground_control,multispecies_spaceflight,draft_multispecies_spaceflight,arabidopsis_seedling_pool,local_processed_counts_and_sample_table_present,data/multispecies/arabidopsis/GLDS-37_rna_seq_SampleTable_GLbulkRNAseq.csv,data/multispecies/arabidopsis/GLDS-37_rna_seq_Normalized_Counts_GLbulkRNAseq.csv
OSD-37,GLDS-37,Atha_Ler-0_sl-pool_GC_Rep3_R1-GC-D3,parsed,Ground,Ground.Control...Ler.0,Ler.0,Arabidopsis thaliana,3702,thale_cress,plant_tissue,arabidopsis_spaceflight,seedling_pool,bulk_rna_seq,species_gene_ids_pending,Ler.0,arabidopsis_ecotype,,,,Rep3,spaceflight,ground_control,multispecies_spaceflight,draft_multispecies_spaceflight,arabidopsis_seedling_pool,local_processed_counts_and_sample_table_present,data/multispecies/arabidopsis/GLDS-37_rna_seq_SampleTable_GLbulkRNAseq.csv,data/multispecies/arabidopsis/GLDS-37_rna_seq_Normalized_Counts_GLbulkRNAseq.csv
OSD-37,GLDS-37,Atha_Ws-2_sl-pool_GC_Rep4_R1-GC-D4,parsed,Ground,Ground.Control...Ws.2,Ws.2,Arabidopsis thaliana,3702,thale_cress,plant_tissue,arabidopsis_spaceflight,seedling_pool,bulk_rna_seq,species_gene_ids_pending,Ws.2,arabidopsis_ecotype,,,,Rep4,spaceflight,ground_control,multispecies_spaceflight,draft_multispecies_spaceflight,arabidopsis_seedling_pool,local_processed_counts_and_sample_table_present,data/multispecies/arabidopsis/GLDS-37_rna_seq_SampleTable_GLbulkRNAseq.csv,data/multispecies/arabidopsis/GLDS-37_rna_seq_Normalized_Counts_GLbulkRNAseq.csv
OSD-37,GLDS-37,Atha_Cvi-0_sl-pool_GC_Rep3_R1-GC-D5,parsed,Ground,Ground.Control...Cvi.0,Cvi.0,Arabidopsis thaliana,3702,thale_cress,plant_tissue,arabidopsis_spaceflight,seedling_pool,bulk_rna_seq,species_gene_ids_pending,Cvi.0,arabidopsis_ecotype,,,,Rep3,spaceflight,ground_control,multispecies_spaceflight,draft_multispecies_spaceflight,arabidopsis_seedling_pool,local_processed_counts_and_sample_table_present,data/multispecies/arabidopsis/GLDS-37_rna_seq_SampleTable_GLbulkRNAseq.csv,data/multispecies/arabidopsis/GLDS-37_rna_seq_Normalized_Counts_GLbulkRNAseq.csv
OSD-37,GLDS-37,Atha_Ws-2_sl-pool_FLT_Rep5_R2-FL-C1,parsed,LEO_or_ISS,Space.Flight...Ws.2,Ws.2,Arabidopsis thaliana,3702,thale_cress,plant_tissue,arabidopsis_spaceflight,seedling_pool,bulk_rna_seq,species_gene_ids_pending,Ws.2,arabidopsis_ecotype,,,,Rep5,spaceflight,ground_control,multispecies_spaceflight,draft_multispecies_spaceflight,arabidopsis_seedling_pool,local_processed_counts_and_sample_table_present,data/multispecies/arabidopsis/GLDS-37_rna_seq_SampleTable_GLbulkRNAseq.csv,data/multispecies/arabidopsis/GLDS-37_rna_seq_Normalized_Counts_GLbulkRNAseq.csv
OSD-37,GLDS-37,Atha_Ler-0_sl-pool_FLT_Rep4_R2-FL-C2,parsed,LEO_or_ISS,Space.Flight...Ler.0,Ler.0,Arabidopsis thaliana,3702,thale_cress,plant_tissue,arabidopsis_spaceflight,seedling_pool,bulk_rna_seq,species_gene_ids_pending,Ler.0,arabidopsis_ecotype,,,,Rep4,spaceflight,ground_control,multispecies_spaceflight,draft_multispecies_spaceflight,arabidopsis_seedling_pool,local_processed_counts_and_sample_table_present,data/multispecies/arabidopsis/GLDS-37_rna_seq_SampleTable_GLbulkRNAseq.csv,data/multispecies/arabidopsis/GLDS-37_rna_seq_Normalized_Counts_GLbulkRNAseq.csv
OSD-37,GLDS-37,Atha_Cvi-0_sl-pool_FLT_Rep4_R2-FL-C3,parsed,LEO_or_ISS,Space.Flight...Cvi.0,Cvi.0,Arabidopsis thaliana,3702,thale_cress,plant_tissue,arabidopsis_spaceflight,seedling_pool,bulk_rna_seq,species_gene_ids_pending,Cvi.0,arabidopsis_ecotype,,,,Rep4,spaceflight,ground_control,multispecies_spaceflight,draft_multispecies_spaceflight,arabidopsis_seedling_pool,local_processed_counts_and_sample_table_present,data/multispecies/arabidopsis/GLDS-37_rna_seq_SampleTable_GLbulkRNAseq.csv,data/multispecies/arabidopsis/GLDS-37_rna_seq_Normalized_Counts_GLbulkRNAseq.csv
OSD-37,GLDS-37,Atha_Ws-2_sl-pool_FLT_Rep6_R2-FL-C4,parsed,LEO_or_ISS,Space.Flight...Ws.2,Ws.2,Arabidopsis thaliana,3702,thale_cress,plant_tissue,arabidopsis_spaceflight,seedling_pool,bulk_rna_seq,species_gene_ids_pending,Ws.2,arabidopsis_ecotype,,,,Rep6,spaceflight,ground_control,multispecies_spaceflight,draft_multispecies_spaceflight,arabidopsis_seedling_pool,local_processed_counts_and_sample_table_present,data/multispecies/arabidopsis/GLDS-37_rna_seq_SampleTable_GLbulkRNAseq.csv,data/multispecies/arabidopsis/GLDS-37_rna_seq_Normalized_Counts_GLbulkRNAseq.csv
OSD-37,GLDS-37,Atha_Ler-0_sl-pool_FLT_Rep5_R2-FL-C5,parsed,LEO_or_ISS,Space.Flight...Ler.0,Ler.0,Arabidopsis thaliana,3702,thale_cress,plant_tissue,arabidopsis_spaceflight,seedling_pool,bulk_rna_seq,species_gene_ids_pending,Ler.0,arabidopsis_ecotype,,,,Rep5,spaceflight,ground_control,multispecies_spaceflight,draft_multispecies_spaceflight,arabidopsis_seedling_pool,local_processed_counts_and_sample_table_present,data/multispecies/arabidopsis/GLDS-37_rna_seq_SampleTable_GLbulkRNAseq.csv,data/multispecies/arabidopsis/GLDS-37_rna_seq_Normalized_Counts_GLbulkRNAseq.csv
OSD-37,GLDS-37,Atha_Ws-2_sl-pool_FLT_Rep7_R2-FL-D1,parsed,LEO_or_ISS,Space.Flight...Ws.2,Ws.2,Arabidopsis thaliana,3702,thale_cress,plant_tissue,arabidopsis_spaceflight,seedling_pool,bulk_rna_seq,species_gene_ids_pending,Ws.2,arabidopsis_ecotype,,,,Rep7,spaceflight,ground_control,multispecies_spaceflight,draft_multispecies_spaceflight,arabidopsis_seedling_pool,local_processed_counts_and_sample_table_present,data/multispecies/arabidopsis/GLDS-37_rna_seq_SampleTable_GLbulkRNAseq.csv,data/multispecies/arabidopsis/GLDS-37_rna_seq_Normalized_Counts_GLbulkRNAseq.csv
OSD-37,GLDS-37,Atha_Cvi-0_sl-pool_FLT_Rep5_R2-FL-D2,parsed,LEO_or_ISS,Space.Flight...Cvi.0,Cvi.0,Arabidopsis thaliana,3702,thale_cress,plant_tissue,arabidopsis_spaceflight,seedling_pool,bulk_rna_seq,species_gene_ids_pending,Cvi.0,arabidopsis_ecotype,,,,Rep5,spaceflight,ground_control,multispecies_spaceflight,draft_multispecies_spaceflight,arabidopsis_seedling_pool,local_processed_counts_and_sample_table_present,data/multispecies/arabidopsis/GLDS-37_rna_seq_SampleTable_GLbulkRNAseq.csv,data/multispecies/arabidopsis/GLDS-37_rna_seq_Normalized_Counts_GLbulkRNAseq.csv
OSD-37,GLDS-37,Atha_Ler-0_sl-pool_FLT_Rep6_R2-FL-D3,parsed,LEO_or_ISS,Space.Flight...Ler.0,Ler.0,Arabidopsis thaliana,3702,thale_cress,plant_tissue,arabidopsis_spaceflight,seedling_pool,bulk_rna_seq,species_gene_ids_pending,Ler.0,arabidopsis_ecotype,,,,Rep6,spaceflight,ground_control,multispecies_spaceflight,draft_multispecies_spaceflight,arabidopsis_seedling_pool,local_processed_counts_and_sample_table_present,data/multispecies/arabidopsis/GLDS-37_rna_seq_SampleTable_GLbulkRNAseq.csv,data/multispecies/arabidopsis/GLDS-37_rna_seq_Normalized_Counts_GLbulkRNAseq.csv
OSD-37,GLDS-37,Atha_Ws-2_sl-pool_FLT_Rep8_R2-FL-D4,parsed,LEO_or_ISS,Space.Flight...Ws.2,Ws.2,Arabidopsis thaliana,3702,thale_cress,plant_tissue,arabidopsis_spaceflight,seedling_pool,bulk_rna_seq,species_gene_ids_pending,Ws.2,arabidopsis_ecotype,,,,Rep8,spaceflight,ground_control,multispecies_spaceflight,draft_multispecies_spaceflight,arabidopsis_seedling_pool,local_processed_counts_and_sample_table_present,data/multispecies/arabidopsis/GLDS-37_rna_seq_SampleTable_GLbulkRNAseq.csv,data/multispecies/arabidopsis/GLDS-37_rna_seq_Normalized_Counts_GLbulkRNAseq.csv
OSD-37,GLDS-37,Atha_Cvi-0_sl-pool_FLT_Rep6_R2-FL-D5,parsed,LEO_or_ISS,Space.Flight...Cvi.0,Cvi.0,Arabidopsis thaliana,3702,thale_cress,plant_tissue,arabidopsis_spaceflight,seedling_pool,bulk_rna_seq,species_gene_ids_pending,Cvi.0,arabidopsis_ecotype,,,,Rep6,spaceflight,ground_control,multispecies_spaceflight,draft_multispecies_spaceflight,arabidopsis_seedling_pool,local_processed_counts_and_sample_table_present,data/multispecies/arabidopsis/GLDS-37_rna_seq_SampleTable_GLbulkRNAseq.csv,data/multispecies/arabidopsis/GLDS-37_rna_seq_Normalized_Counts_GLbulkRNAseq.csv
OSD-37,GLDS-37,Atha_Ws-2_sl-pool_GC_Rep5_R2-GC-C1,parsed,Ground,Ground.Control...Ws.2,Ws.2,Arabidopsis thaliana,3702,thale_cress,plant_tissue,arabidopsis_spaceflight,seedling_pool,bulk_rna_seq,species_gene_ids_pending,Ws.2,arabidopsis_ecotype,,,,Rep5,spaceflight,ground_control,multispecies_spaceflight,draft_multispecies_spaceflight,arabidopsis_seedling_pool,local_processed_counts_and_sample_table_present,data/multispecies/arabidopsis/GLDS-37_rna_seq_SampleTable_GLbulkRNAseq.csv,data/multispecies/arabidopsis/GLDS-37_rna_seq_Normalized_Counts_GLbulkRNAseq.csv
OSD-37,GLDS-37,Atha_Ler-0_sl-pool_GC_Rep4_R2-GC-C2,parsed,Ground,Ground.Control...Ler.0,Ler.0,Arabidopsis thaliana,3702,thale_cress,plant_tissue,arabidopsis_spaceflight,seedling_pool,bulk_rna_seq,species_gene_ids_pending,Ler.0,arabidopsis_ecotype,,,,Rep4,spaceflight,ground_control,multispecies_spaceflight,draft_multispecies_spaceflight,arabidopsis_seedling_pool,local_processed_counts_and_sample_table_present,data/multispecies/arabidopsis/GLDS-37_rna_seq_SampleTable_GLbulkRNAseq.csv,data/multispecies/arabidopsis/GLDS-37_rna_seq_Normalized_Counts_GLbulkRNAseq.csv
OSD-37,GLDS-37,Atha_Cvi-0_sl-pool_GC_Rep4_R2-GC-C3,parsed,Ground,Ground.Control...Cvi.0,Cvi.0,Arabidopsis thaliana,3702,thale_cress,plant_tissue,arabidopsis_spaceflight,seedling_pool,bulk_rna_seq,species_gene_ids_pending,Cvi.0,arabidopsis_ecotype,,,,Rep4,spaceflight,ground_control,multispecies_spaceflight,draft_multispecies_spaceflight,arabidopsis_seedling_pool,local_processed_counts_and_sample_table_present,data/multispecies/arabidopsis/GLDS-37_rna_seq_SampleTable_GLbulkRNAseq.csv,data/multispecies/arabidopsis/GLDS-37_rna_seq_Normalized_Counts_GLbulkRNAseq.csv
OSD-37,GLDS-37,Atha_Ws-2_sl-pool_GC_Rep6_R2-GC-C4,parsed,Ground,Ground.Control...Ws.2,Ws.2,Arabidopsis thaliana,3702,thale_cress,plant_tissue,arabidopsis_spaceflight,seedling_pool,bulk_rna_seq,species_gene_ids_pending,Ws.2,arabidopsis_ecotype,,,,Rep6,spaceflight,ground_control,multispecies_spaceflight,draft_multispecies_spaceflight,arabidopsis_seedling_pool,local_processed_counts_and_sample_table_present,data/multispecies/arabidopsis/GLDS-37_rna_seq_SampleTable_GLbulkRNAseq.csv,data/multispecies/arabidopsis/GLDS-37_rna_seq_Normalized_Counts_GLbulkRNAseq.csv
OSD-37,GLDS-37,Atha_Ler-0_sl-pool_GC_Rep5_R2-GC-C5,parsed,Ground,Ground.Control...Ler.0,Ler.0,Arabidopsis thaliana,3702,thale_cress,plant_tissue,arabidopsis_spaceflight,seedling_pool,bulk_rna_seq,species_gene_ids_pending,Ler.0,arabidopsis_ecotype,,,,Rep5,spaceflight,ground_control,multispecies_spaceflight,draft_multispecies_spaceflight,arabidopsis_seedling_pool,local_processed_counts_and_sample_table_present,data/multispecies/arabidopsis/GLDS-37_rna_seq_SampleTable_GLbulkRNAseq.csv,data/multispecies/arabidopsis/GLDS-37_rna_seq_Normalized_Counts_GLbulkRNAseq.csv
OSD-37,GLDS-37,Atha_Ws-2_sl-pool_GC_Rep7_R2-GC-D1,parsed,Ground,Ground.Control...Ws.2,Ws.2,Arabidopsis thaliana,3702,thale_cress,plant_tissue,arabidopsis_spaceflight,seedling_pool,bulk_rna_seq,species_gene_ids_pending,Ws.2,arabidopsis_ecotype,,,,Rep7,spaceflight,ground_control,multispecies_spaceflight,draft_multispecies_spaceflight,arabidopsis_seedling_pool,local_processed_counts_and_sample_table_present,data/multispecies/arabidopsis/GLDS-37_rna_seq_SampleTable_GLbulkRNAseq.csv,data/multispecies/arabidopsis/GLDS-37_rna_seq_Normalized_Counts_GLbulkRNAseq.csv
OSD-37,GLDS-37,Atha_Cvi-0_sl-pool_GC_Rep5_R2-GC-D2,parsed,Ground,Ground.Control...Cvi.0,Cvi.0,Arabidopsis thaliana,3702,thale_cress,plant_tissue,arabidopsis_spaceflight,seedling_pool,bulk_rna_seq,species_gene_ids_pending,Cvi.0,arabidopsis_ecotype,,,,Rep5,spaceflight,ground_control,multispecies_spaceflight,draft_multispecies_spaceflight,arabidopsis_seedling_pool,local_processed_counts_and_sample_table_present,data/multispecies/arabidopsis/GLDS-37_rna_seq_SampleTable_GLbulkRNAseq.csv,data/multispecies/arabidopsis/GLDS-37_rna_seq_Normalized_Counts_GLbulkRNAseq.csv
OSD-37,GLDS-37,Atha_Ler-0_sl-pool_GC_Rep6_R2-GC-D3,parsed,Ground,Ground.Control...Ler.0,Ler.0,Arabidopsis thaliana,3702,thale_cress,plant_tissue,arabidopsis_spaceflight,seedling_pool,bulk_rna_seq,species_gene_ids_pending,Ler.0,arabidopsis_ecotype,,,,Rep6,spaceflight,ground_control,multispecies_spaceflight,draft_multispecies_spaceflight,arabidopsis_seedling_pool,local_processed_counts_and_sample_table_present,data/multispecies/arabidopsis/GLDS-37_rna_seq_SampleTable_GLbulkRNAseq.csv,data/multispecies/arabidopsis/GLDS-37_rna_seq_Normalized_Counts_GLbulkRNAseq.csv
OSD-37,GLDS-37,Atha_Ws-2_sl-pool_GC_Rep8_R2-GC-D4,parsed,Ground,Ground.Control...Ws.2,Ws.2,Arabidopsis thaliana,3702,thale_cress,plant_tissue,arabidopsis_spaceflight,seedling_pool,bulk_rna_seq,species_gene_ids_pending,Ws.2,arabidopsis_ecotype,,,,Rep8,spaceflight,ground_control,multispecies_spaceflight,draft_multispecies_spaceflight,arabidopsis_seedling_pool,local_processed_counts_and_sample_table_present,data/multispecies/arabidopsis/GLDS-37_rna_seq_SampleTable_GLbulkRNAseq.csv,data/multispecies/arabidopsis/GLDS-37_rna_seq_Normalized_Counts_GLbulkRNAseq.csv
OSD-37,GLDS-37,Atha_Cvi-0_sl-pool_GC_Rep6_R2-GC-D5,parsed,Ground,Ground.Control...Cvi.0,Cvi.0,Arabidopsis thaliana,3702,thale_cress,plant_tissue,arabidopsis_spaceflight,seedling_pool,bulk_rna_seq,species_gene_ids_pending,Cvi.0,arabidopsis_ecotype,,,,Rep6,spaceflight,ground_control,multispecies_spaceflight,draft_multispecies_spaceflight,arabidopsis_seedling_pool,local_processed_counts_and_sample_table_present,data/multispecies/arabidopsis/GLDS-37_rna_seq_SampleTable_GLbulkRNAseq.csv,data/multispecies/arabidopsis/GLDS-37_rna_seq_Normalized_Counts_GLbulkRNAseq.csv
OSD-37,GLDS-37,Atha_Col-0_sl-pool_FLT_Rep1_R1-FL-A1,parsed,LEO_or_ISS,Space.Flight...Col.0,Col.0,Arabidopsis thaliana,3702,thale_cress,plant_tissue,arabidopsis_spaceflight,seedling_pool,bulk_rna_seq,species_gene_ids_pending,Col.0,arabidopsis_ecotype,,,,Rep1,spaceflight,ground_control,multispecies_spaceflight,draft_multispecies_spaceflight,arabidopsis_seedling_pool,local_processed_counts_and_sample_table_present,data/multispecies/arabidopsis/GLDS-37_rna_seq_SampleTable_GLbulkRNAseq.csv,data/multispecies/arabidopsis/GLDS-37_rna_seq_Normalized_Counts_GLbulkRNAseq.csv
OSD-37,GLDS-37,Atha_Col-0_sl-pool_FLT_Rep2_R1-FL-A4,parsed,LEO_or_ISS,Space.Flight...Col.0,Col.0,Arabidopsis thaliana,3702,thale_cress,plant_tissue,arabidopsis_spaceflight,seedling_pool,bulk_rna_seq,species_gene_ids_pending,Col.0,arabidopsis_ecotype,,,,Rep2,spaceflight,ground_control,multispecies_spaceflight,draft_multispecies_spaceflight,arabidopsis_seedling_pool,local_processed_counts_and_sample_table_present,data/multispecies/arabidopsis/GLDS-37_rna_seq_SampleTable_GLbulkRNAseq.csv,data/multispecies/arabidopsis/GLDS-37_rna_seq_Normalized_Counts_GLbulkRNAseq.csv
OSD-37,GLDS-37,Atha_Col-0_sl-pool_FLT_Rep3_R1-FL-B1,parsed,LEO_or_ISS,Space.Flight...Col.0,Col.0,Arabidopsis thaliana,3702,thale_cress,plant_tissue,arabidopsis_spaceflight,seedling_pool,bulk_rna_seq,species_gene_ids_pending,Col.0,arabidopsis_ecotype,,,,Rep3,spaceflight,ground_control,multispecies_spaceflight,draft_multispecies_spaceflight,arabidopsis_seedling_pool,local_processed_counts_and_sample_table_present,data/multispecies/arabidopsis/GLDS-37_rna_seq_SampleTable_GLbulkRNAseq.csv,data/multispecies/arabidopsis/GLDS-37_rna_seq_Normalized_Counts_GLbulkRNAseq.csv
OSD-37,GLDS-37,Atha_Col-0_sl-pool_FLT_Rep4_R1-FL-B4,parsed,LEO_or_ISS,Space.Flight...Col.0,Col.0,Arabidopsis thaliana,3702,thale_cress,plant_tissue,arabidopsis_spaceflight,seedling_pool,bulk_rna_seq,species_gene_ids_pending,Col.0,arabidopsis_ecotype,,,,Rep4,spaceflight,ground_control,multispecies_spaceflight,draft_multispecies_spaceflight,arabidopsis_seedling_pool,local_processed_counts_and_sample_table_present,data/multispecies/arabidopsis/GLDS-37_rna_seq_SampleTable_GLbulkRNAseq.csv,data/multispecies/arabidopsis/GLDS-37_rna_seq_Normalized_Counts_GLbulkRNAseq.csv
OSD-37,GLDS-37,Atha_Col-0_sl-pool_GC_Rep1_R1-GC-A1,parsed,Ground,Ground.Control...Col.0,Col.0,Arabidopsis thaliana,3702,thale_cress,plant_tissue,arabidopsis_spaceflight,seedling_pool,bulk_rna_seq,species_gene_ids_pending,Col.0,arabidopsis_ecotype,,,,Rep1,spaceflight,ground_control,multispecies_spaceflight,draft_multispecies_spaceflight,arabidopsis_seedling_pool,local_processed_counts_and_sample_table_present,data/multispecies/arabidopsis/GLDS-37_rna_seq_SampleTable_GLbulkRNAseq.csv,data/multispecies/arabidopsis/GLDS-37_rna_seq_Normalized_Counts_GLbulkRNAseq.csv
OSD-37,GLDS-37,Atha_Col-0_sl-pool_GC_Rep2_R1-GC-A4,parsed,Ground,Ground.Control...Col.0,Col.0,Arabidopsis thaliana,3702,thale_cress,plant_tissue,arabidopsis_spaceflight,seedling_pool,bulk_rna_seq,species_gene_ids_pending,Col.0,arabidopsis_ecotype,,,,Rep2,spaceflight,ground_control,multispecies_spaceflight,draft_multispecies_spaceflight,arabidopsis_seedling_pool,local_processed_counts_and_sample_table_present,data/multispecies/arabidopsis/GLDS-37_rna_seq_SampleTable_GLbulkRNAseq.csv,data/multispecies/arabidopsis/GLDS-37_rna_seq_Normalized_Counts_GLbulkRNAseq.csv
OSD-37,GLDS-37,Atha_Col-0_sl-pool_GC_Rep3_R1-GC-B1,parsed,Ground,Ground.Control...Col.0,Col.0,Arabidopsis thaliana,3702,thale_cress,plant_tissue,arabidopsis_spaceflight,seedling_pool,bulk_rna_seq,species_gene_ids_pending,Col.0,arabidopsis_ecotype,,,,Rep3,spaceflight,ground_control,multispecies_spaceflight,draft_multispecies_spaceflight,arabidopsis_seedling_pool,local_processed_counts_and_sample_table_present,data/multispecies/arabidopsis/GLDS-37_rna_seq_SampleTable_GLbulkRNAseq.csv,data/multispecies/arabidopsis/GLDS-37_rna_seq_Normalized_Counts_GLbulkRNAseq.csv
OSD-37,GLDS-37,Atha_Col-0_sl-pool_GC_Rep4_R1-GC-B4,parsed,Ground,Ground.Control...Col.0,Col.0,Arabidopsis thaliana,3702,thale_cress,plant_tissue,arabidopsis_spaceflight,seedling_pool,bulk_rna_seq,species_gene_ids_pending,Col.0,arabidopsis_ecotype,,,,Rep4,spaceflight,ground_control,multispecies_spaceflight,draft_multispecies_spaceflight,arabidopsis_seedling_pool,local_processed_counts_and_sample_table_present,data/multispecies/arabidopsis/GLDS-37_rna_seq_SampleTable_GLbulkRNAseq.csv,data/multispecies/arabidopsis/GLDS-37_rna_seq_Normalized_Counts_GLbulkRNAseq.csv
OSD-37,GLDS-37,Atha_Col-0_sl-pool_FLT_Rep5_R2-FL-A1,parsed,LEO_or_ISS,Space.Flight...Col.0,Col.0,Arabidopsis thaliana,3702,thale_cress,plant_tissue,arabidopsis_spaceflight,seedling_pool,bulk_rna_seq,species_gene_ids_pending,Col.0,arabidopsis_ecotype,,,,Rep5,spaceflight,ground_control,multispecies_spaceflight,draft_multispecies_spaceflight,arabidopsis_seedling_pool,local_processed_counts_and_sample_table_present,data/multispecies/arabidopsis/GLDS-37_rna_seq_SampleTable_GLbulkRNAseq.csv,data/multispecies/arabidopsis/GLDS-37_rna_seq_Normalized_Counts_GLbulkRNAseq.csv
OSD-37,GLDS-37,Atha_Col-0_sl-pool_FLT_Rep6_R2-FL-A4,parsed,LEO_or_ISS,Space.Flight...Col.0,Col.0,Arabidopsis thaliana,3702,thale_cress,plant_tissue,arabidopsis_spaceflight,seedling_pool,bulk_rna_seq,species_gene_ids_pending,Col.0,arabidopsis_ecotype,,,,Rep6,spaceflight,ground_control,multispecies_spaceflight,draft_multispecies_spaceflight,arabidopsis_seedling_pool,local_processed_counts_and_sample_table_present,data/multispecies/arabidopsis/GLDS-37_rna_seq_SampleTable_GLbulkRNAseq.csv,data/multispecies/arabidopsis/GLDS-37_rna_seq_Normalized_Counts_GLbulkRNAseq.csv
OSD-37,GLDS-37,Atha_Col-0_sl-pool_FLT_Rep7_R2-FL-B1,parsed,LEO_or_ISS,Space.Flight...Col.0,Col.0,Arabidopsis thaliana,3702,thale_cress,plant_tissue,arabidopsis_spaceflight,seedling_pool,bulk_rna_seq,species_gene_ids_pending,Col.0,arabidopsis_ecotype,,,,Rep7,spaceflight,ground_control,multispecies_spaceflight,draft_multispecies_spaceflight,arabidopsis_seedling_pool,local_processed_counts_and_sample_table_present,data/multispecies/arabidopsis/GLDS-37_rna_seq_SampleTable_GLbulkRNAseq.csv,data/multispecies/arabidopsis/GLDS-37_rna_seq_Normalized_Counts_GLbulkRNAseq.csv
OSD-37,GLDS-37,Atha_Col-0_sl-pool_FLT_Rep8_R2-FL-B4,parsed,LEO_or_ISS,Space.Flight...Col.0,Col.0,Arabidopsis thaliana,3702,thale_cress,plant_tissue,arabidopsis_spaceflight,seedling_pool,bulk_rna_seq,species_gene_ids_pending,Col.0,arabidopsis_ecotype,,,,Rep8,spaceflight,ground_control,multispecies_spaceflight,draft_multispecies_spaceflight,arabidopsis_seedling_pool,local_processed_counts_and_sample_table_present,data/multispecies/arabidopsis/GLDS-37_rna_seq_SampleTable_GLbulkRNAseq.csv,data/multispecies/arabidopsis/GLDS-37_rna_seq_Normalized_Counts_GLbulkRNAseq.csv
OSD-37,GLDS-37,Atha_Col-0_sl-pool_GC_Rep5_R2-GC-A1,parsed,Ground,Ground.Control...Col.0,Col.0,Arabidopsis thaliana,3702,thale_cress,plant_tissue,arabidopsis_spaceflight,seedling_pool,bulk_rna_seq,species_gene_ids_pending,Col.0,arabidopsis_ecotype,,,,Rep5,spaceflight,ground_control,multispecies_spaceflight,draft_multispecies_spaceflight,arabidopsis_seedling_pool,local_processed_counts_and_sample_table_present,data/multispecies/arabidopsis/GLDS-37_rna_seq_SampleTable_GLbulkRNAseq.csv,data/multispecies/arabidopsis/GLDS-37_rna_seq_Normalized_Counts_GLbulkRNAseq.csv
OSD-37,GLDS-37,Atha_Col-0_sl-pool_GC_Rep6_R2-GC-A4,parsed,Ground,Ground.Control...Col.0,Col.0,Arabidopsis thaliana,3702,thale_cress,plant_tissue,arabidopsis_spaceflight,seedling_pool,bulk_rna_seq,species_gene_ids_pending,Col.0,arabidopsis_ecotype,,,,Rep6,spaceflight,ground_control,multispecies_spaceflight,draft_multispecies_spaceflight,arabidopsis_seedling_pool,local_processed_counts_and_sample_table_present,data/multispecies/arabidopsis/GLDS-37_rna_seq_SampleTable_GLbulkRNAseq.csv,data/multispecies/arabidopsis/GLDS-37_rna_seq_Normalized_Counts_GLbulkRNAseq.csv
OSD-37,GLDS-37,Atha_Col-0_sl-pool_GC_Rep7_R2-GC-B1,parsed,Ground,Ground.Control...Col.0,Col.0,Arabidopsis thaliana,3702,thale_cress,plant_tissue,arabidopsis_spaceflight,seedling_pool,bulk_rna_seq,species_gene_ids_pending,Col.0,arabidopsis_ecotype,,,,Rep7,spaceflight,ground_control,multispecies_spaceflight,draft_multispecies_spaceflight,arabidopsis_seedling_pool,local_processed_counts_and_sample_table_present,data/multispecies/arabidopsis/GLDS-37_rna_seq_SampleTable_GLbulkRNAseq.csv,data/multispecies/arabidopsis/GLDS-37_rna_seq_Normalized_Counts_GLbulkRNAseq.csv
OSD-37,GLDS-37,Atha_Col-0_sl-pool_GC_Rep8_R2-GC-B4,parsed,Ground,Ground.Control...Col.0,Col.0,Arabidopsis thaliana,3702,thale_cress,plant_tissue,arabidopsis_spaceflight,seedling_pool,bulk_rna_seq,species_gene_ids_pending,Col.0,arabidopsis_ecotype,,,,Rep8,spaceflight,ground_control,multispecies_spaceflight,draft_multispecies_spaceflight,arabidopsis_seedling_pool,local_processed_counts_and_sample_table_present,data/multispecies/arabidopsis/GLDS-37_rna_seq_SampleTable_GLbulkRNAseq.csv,data/multispecies/arabidopsis/GLDS-37_rna_seq_Normalized_Counts_GLbulkRNAseq.csv
OSD-120,GLDS-120,Atha_Col-0_root_GC_Alight_Rep1_GSM2493759_Day13,parsed,Ground,Col.0...Ground.Control...Light.Treatment,Col.0|Light.Treatment,Arabidopsis thaliana,3702,thale_cress,plant_tissue,arabidopsis_spaceflight,root,bulk_rna_seq,species_gene_ids_pending,Col.0,arabidopsis_genotype_or_ecotype,,,Light.Treatment,Rep1,spaceflight,ground_control,multispecies_spaceflight,draft_multispecies_spaceflight,arabidopsis_root_light_interaction,local_processed_counts_and_sample_table_present,data/multispecies/arabidopsis/GLDS-120_rna_seq_SampleTable_GLbulkRNAseq.csv,data/multispecies/arabidopsis/GLDS-120_rna_seq_Normalized_Counts_GLbulkRNAseq.csv
OSD-120,GLDS-120,Atha_Col-0_root_GC_Alight_Rep2_GSM2493760_Day13,parsed,Ground,Col.0...Ground.Control...Light.Treatment,Col.0|Light.Treatment,Arabidopsis thaliana,3702,thale_cress,plant_tissue,arabidopsis_spaceflight,root,bulk_rna_seq,species_gene_ids_pending,Col.0,arabidopsis_genotype_or_ecotype,,,Light.Treatment,Rep2,spaceflight,ground_control,multispecies_spaceflight,draft_multispecies_spaceflight,arabidopsis_root_light_interaction,local_processed_counts_and_sample_table_present,data/multispecies/arabidopsis/GLDS-120_rna_seq_SampleTable_GLbulkRNAseq.csv,data/multispecies/arabidopsis/GLDS-120_rna_seq_Normalized_Counts_GLbulkRNAseq.csv
OSD-120,GLDS-120,Atha_Ws_root_GC_Alight_Rep1_GSM2493762_Day13,parsed,Ground,Wassilewskija.ecotype...Ground.Control...Light.Treatment,Wassilewskija.ecotype|Light.Treatment,Arabidopsis thaliana,3702,thale_cress,plant_tissue,arabidopsis_spaceflight,root,bulk_rna_seq,species_gene_ids_pending,Wassilewskija.ecotype,arabidopsis_genotype_or_ecotype,,,Light.Treatment,Rep1,spaceflight,ground_control,multispecies_spaceflight,draft_multispecies_spaceflight,arabidopsis_root_light_interaction,local_processed_counts_and_sample_table_present,data/multispecies/arabidopsis/GLDS-120_rna_seq_SampleTable_GLbulkRNAseq.csv,data/multispecies/arabidopsis/GLDS-120_rna_seq_Normalized_Counts_GLbulkRNAseq.csv
OSD-120,GLDS-120,Atha_Ws_root_GC_Alight_Rep2_GSM2493763_Day13,parsed,Ground,Wassilewskija.ecotype...Ground.Control...Light.Treatment,Wassilewskija.ecotype|Light.Treatment,Arabidopsis thaliana,3702,thale_cress,plant_tissue,arabidopsis_spaceflight,root,bulk_rna_seq,species_gene_ids_pending,Wassilewskija.ecotype,arabidopsis_genotype_or_ecotype,,,Light.Treatment,Rep2,spaceflight,ground_control,multispecies_spaceflight,draft_multispecies_spaceflight,arabidopsis_root_light_interaction,local_processed_counts_and_sample_table_present,data/multispecies/arabidopsis/GLDS-120_rna_seq_SampleTable_GLbulkRNAseq.csv,data/multispecies/arabidopsis/GLDS-120_rna_seq_Normalized_Counts_GLbulkRNAseq.csv
OSD-120,GLDS-120,Atha_Ws_root_GC_Alight_Rep3_GSM2493764_Day13,parsed,Ground,Wassilewskija.ecotype...Ground.Control...Light.Treatment,Wassilewskija.ecotype|Light.Treatment,Arabidopsis thaliana,3702,thale_cress,plant_tissue,arabidopsis_spaceflight,root,bulk_rna_seq,species_gene_ids_pending,Wassilewskija.ecotype,arabidopsis_genotype_or_ecotype,,,Light.Treatment,Rep3,spaceflight,ground_control,multispecies_spaceflight,draft_multispecies_spaceflight,arabidopsis_root_light_interaction,local_processed_counts_and_sample_table_present,data/multispecies/arabidopsis/GLDS-120_rna_seq_SampleTable_GLbulkRNAseq.csv,data/multispecies/arabidopsis/GLDS-120_rna_seq_Normalized_Counts_GLbulkRNAseq.csv
OSD-120,GLDS-120,Atha_Col-0-PhyD_root_GC_Alight_Rep1_GSM2493765_Day13,parsed,Ground,Col.0.PhyD...Ground.Control...Light.Treatment,Col.0.PhyD|Light.Treatment,Arabidopsis thaliana,3702,thale_cress,plant_tissue,arabidopsis_spaceflight,root,bulk_rna_seq,species_gene_ids_pending,Col.0.PhyD,arabidopsis_genotype_or_ecotype,,,Light.Treatment,Rep1,spaceflight,ground_control,multispecies_spaceflight,draft_multispecies_spaceflight,arabidopsis_root_light_interaction,local_processed_counts_and_sample_table_present,data/multispecies/arabidopsis/GLDS-120_rna_seq_SampleTable_GLbulkRNAseq.csv,data/multispecies/arabidopsis/GLDS-120_rna_seq_Normalized_Counts_GLbulkRNAseq.csv
OSD-120,GLDS-120,Atha_Col-0-PhyD_root_GC_Alight_Rep2_GSM2493766_Day13,parsed,Ground,Col.0.PhyD...Ground.Control...Light.Treatment,Col.0.PhyD|Light.Treatment,Arabidopsis thaliana,3702,thale_cress,plant_tissue,arabidopsis_spaceflight,root,bulk_rna_seq,species_gene_ids_pending,Col.0.PhyD,arabidopsis_genotype_or_ecotype,,,Light.Treatment,Rep2,spaceflight,ground_control,multispecies_spaceflight,draft_multispecies_spaceflight,arabidopsis_root_light_interaction,local_processed_counts_and_sample_table_present,data/multispecies/arabidopsis/GLDS-120_rna_seq_SampleTable_GLbulkRNAseq.csv,data/multispecies/arabidopsis/GLDS-120_rna_seq_Normalized_Counts_GLbulkRNAseq.csv
OSD-120,GLDS-120,Atha_Col-0-PhyD_root_GC_Alight_Rep3_GSM2493767_Day13,parsed,Ground,Col.0.PhyD...Ground.Control...Light.Treatment,Col.0.PhyD|Light.Treatment,Arabidopsis thaliana,3702,thale_cress,plant_tissue,arabidopsis_spaceflight,root,bulk_rna_seq,species_gene_ids_pending,Col.0.PhyD,arabidopsis_genotype_or_ecotype,,,Light.Treatment,Rep3,spaceflight,ground_control,multispecies_spaceflight,draft_multispecies_spaceflight,arabidopsis_root_light_interaction,local_processed_counts_and_sample_table_present,data/multispecies/arabidopsis/GLDS-120_rna_seq_SampleTable_GLbulkRNAseq.csv,data/multispecies/arabidopsis/GLDS-120_rna_seq_Normalized_Counts_GLbulkRNAseq.csv
OSD-120,GLDS-120,Atha_Col-0_root_GC_dark_Rep1_GSM2493768_Day13,parsed,Ground,Col.0...Ground.Control...Dark.Treatment,Col.0|Dark.Treatment,Arabidopsis thaliana,3702,thale_cress,plant_tissue,arabidopsis_spaceflight,root,bulk_rna_seq,species_gene_ids_pending,Col.0,arabidopsis_genotype_or_ecotype,,,Dark.Treatment,Rep1,spaceflight,ground_control,multispecies_spaceflight,draft_multispecies_spaceflight,arabidopsis_root_light_interaction,local_processed_counts_and_sample_table_present,data/multispecies/arabidopsis/GLDS-120_rna_seq_SampleTable_GLbulkRNAseq.csv,data/multispecies/arabidopsis/GLDS-120_rna_seq_Normalized_Counts_GLbulkRNAseq.csv
OSD-120,GLDS-120,Atha_Col-0_root_GC_dark_Rep2_GSM2493769_Day13,parsed,Ground,Col.0...Ground.Control...Dark.Treatment,Col.0|Dark.Treatment,Arabidopsis thaliana,3702,thale_cress,plant_tissue,arabidopsis_spaceflight,root,bulk_rna_seq,species_gene_ids_pending,Col.0,arabidopsis_genotype_or_ecotype,,,Dark.Treatment,Rep2,spaceflight,ground_control,multispecies_spaceflight,draft_multispecies_spaceflight,arabidopsis_root_light_interaction,local_processed_counts_and_sample_table_present,data/multispecies/arabidopsis/GLDS-120_rna_seq_SampleTable_GLbulkRNAseq.csv,data/multispecies/arabidopsis/GLDS-120_rna_seq_Normalized_Counts_GLbulkRNAseq.csv
OSD-120,GLDS-120,Atha_Col-0_root_GC_dark_Rep3_GSM2493770_Day13,parsed,Ground,Col.0...Ground.Control...Dark.Treatment,Col.0|Dark.Treatment,Arabidopsis thaliana,3702,thale_cress,plant_tissue,arabidopsis_spaceflight,root,bulk_rna_seq,species_gene_ids_pending,Col.0,arabidopsis_genotype_or_ecotype,,,Dark.Treatment,Rep3,spaceflight,ground_control,multispecies_spaceflight,draft_multispecies_spaceflight,arabidopsis_root_light_interaction,local_processed_counts_and_sample_table_present,data/multispecies/arabidopsis/GLDS-120_rna_seq_SampleTable_GLbulkRNAseq.csv,data/multispecies/arabidopsis/GLDS-120_rna_seq_Normalized_Counts_GLbulkRNAseq.csv
OSD-120,GLDS-120,Atha_Ws_root_GC_dark_Rep1_GSM2493771_Day13,parsed,Ground,Wassilewskija.ecotype...Ground.Control...Dark.Treatment,Wassilewskija.ecotype|Dark.Treatment,Arabidopsis thaliana,3702,thale_cress,plant_tissue,arabidopsis_spaceflight,root,bulk_rna_seq,species_gene_ids_pending,Wassilewskija.ecotype,arabidopsis_genotype_or_ecotype,,,Dark.Treatment,Rep1,spaceflight,ground_control,multispecies_spaceflight,draft_multispecies_spaceflight,arabidopsis_root_light_interaction,local_processed_counts_and_sample_table_present,data/multispecies/arabidopsis/GLDS-120_rna_seq_SampleTable_GLbulkRNAseq.csv,data/multispecies/arabidopsis/GLDS-120_rna_seq_Normalized_Counts_GLbulkRNAseq.csv
OSD-120,GLDS-120,Atha_Ws_root_GC_dark_Rep2_GSM2493772_Day13,parsed,Ground,Wassilewskija.ecotype...Ground.Control...Dark.Treatment,Wassilewskija.ecotype|Dark.Treatment,Arabidopsis thaliana,3702,thale_cress,plant_tissue,arabidopsis_spaceflight,root,bulk_rna_seq,species_gene_ids_pending,Wassilewskija.ecotype,arabidopsis_genotype_or_ecotype,,,Dark.Treatment,Rep2,spaceflight,ground_control,multispecies_spaceflight,draft_multispecies_spaceflight,arabidopsis_root_light_interaction,local_processed_counts_and_sample_table_present,data/multispecies/arabidopsis/GLDS-120_rna_seq_SampleTable_GLbulkRNAseq.csv,data/multispecies/arabidopsis/GLDS-120_rna_seq_Normalized_Counts_GLbulkRNAseq.csv
OSD-120,GLDS-120,Atha_Ws_root_GC_dark_Rep3_GSM2493773_Day13,parsed,Ground,Wassilewskija.ecotype...Ground.Control...Dark.Treatment,Wassilewskija.ecotype|Dark.Treatment,Arabidopsis thaliana,3702,thale_cress,plant_tissue,arabidopsis_spaceflight,root,bulk_rna_seq,species_gene_ids_pending,Wassilewskija.ecotype,arabidopsis_genotype_or_ecotype,,,Dark.Treatment,Rep3,spaceflight,ground_control,multispecies_spaceflight,draft_multispecies_spaceflight,arabidopsis_root_light_interaction,local_processed_counts_and_sample_table_present,data/multispecies/arabidopsis/GLDS-120_rna_seq_SampleTable_GLbulkRNAseq.csv,data/multispecies/arabidopsis/GLDS-120_rna_seq_Normalized_Counts_GLbulkRNAseq.csv
OSD-120,GLDS-120,Atha_Col-0-PhyD_root_GC_dark_Rep1_GSM2493774_Day13,parsed,Ground,Col.0.PhyD...Ground.Control...Dark.Treatment,Col.0.PhyD|Dark.Treatment,Arabidopsis thaliana,3702,thale_cress,plant_tissue,arabidopsis_spaceflight,root,bulk_rna_seq,species_gene_ids_pending,Col.0.PhyD,arabidopsis_genotype_or_ecotype,,,Dark.Treatment,Rep1,spaceflight,ground_control,multispecies_spaceflight,draft_multispecies_spaceflight,arabidopsis_root_light_interaction,local_processed_counts_and_sample_table_present,data/multispecies/arabidopsis/GLDS-120_rna_seq_SampleTable_GLbulkRNAseq.csv,data/multispecies/arabidopsis/GLDS-120_rna_seq_Normalized_Counts_GLbulkRNAseq.csv
OSD-120,GLDS-120,Atha_Col-0-PhyD_root_GC_dark_Rep2_GSM2493775_Day13,parsed,Ground,Col.0.PhyD...Ground.Control...Dark.Treatment,Col.0.PhyD|Dark.Treatment,Arabidopsis thaliana,3702,thale_cress,plant_tissue,arabidopsis_spaceflight,root,bulk_rna_seq,species_gene_ids_pending,Col.0.PhyD,arabidopsis_genotype_or_ecotype,,,Dark.Treatment,Rep2,spaceflight,ground_control,multispecies_spaceflight,draft_multispecies_spaceflight,arabidopsis_root_light_interaction,local_processed_counts_and_sample_table_present,data/multispecies/arabidopsis/GLDS-120_rna_seq_SampleTable_GLbulkRNAseq.csv,data/multispecies/arabidopsis/GLDS-120_rna_seq_Normalized_Counts_GLbulkRNAseq.csv
OSD-120,GLDS-120,Atha_Col-0-PhyD_root_GC_dark_Rep3_GSM2493776_Day13,parsed,Ground,Col.0.PhyD...Ground.Control...Dark.Treatment,Col.0.PhyD|Dark.Treatment,Arabidopsis thaliana,3702,thale_cress,plant_tissue,arabidopsis_spaceflight,root,bulk_rna_seq,species_gene_ids_pending,Col.0.PhyD,arabidopsis_genotype_or_ecotype,,,Dark.Treatment,Rep3,spaceflight,ground_control,multispecies_spaceflight,draft_multispecies_spaceflight,arabidopsis_root_light_interaction,local_processed_counts_and_sample_table_present,data/multispecies/arabidopsis/GLDS-120_rna_seq_SampleTable_GLbulkRNAseq.csv,data/multispecies/arabidopsis/GLDS-120_rna_seq_Normalized_Counts_GLbulkRNAseq.csv
OSD-120,GLDS-120,Atha_Col-0_root_FLT_Alight_Rep1_GSM2493777_Day13,parsed,LEO_or_ISS,Col.0...Space.Flight...Light.Treatment,Col.0|Light.Treatment,Arabidopsis thaliana,3702,thale_cress,plant_tissue,arabidopsis_spaceflight,root,bulk_rna_seq,species_gene_ids_pending,Col.0,arabidopsis_genotype_or_ecotype,,,Light.Treatment,Rep1,spaceflight,ground_control,multispecies_spaceflight,draft_multispecies_spaceflight,arabidopsis_root_light_interaction,local_processed_counts_and_sample_table_present,data/multispecies/arabidopsis/GLDS-120_rna_seq_SampleTable_GLbulkRNAseq.csv,data/multispecies/arabidopsis/GLDS-120_rna_seq_Normalized_Counts_GLbulkRNAseq.csv
OSD-120,GLDS-120,Atha_Col-0_root_FLT_Alight_Rep2_GSM2493778_Day13,parsed,LEO_or_ISS,Col.0...Space.Flight...Light.Treatment,Col.0|Light.Treatment,Arabidopsis thaliana,3702,thale_cress,plant_tissue,arabidopsis_spaceflight,root,bulk_rna_seq,species_gene_ids_pending,Col.0,arabidopsis_genotype_or_ecotype,,,Light.Treatment,Rep2,spaceflight,ground_control,multispecies_spaceflight,draft_multispecies_spaceflight,arabidopsis_root_light_interaction,local_processed_counts_and_sample_table_present,data/multispecies/arabidopsis/GLDS-120_rna_seq_SampleTable_GLbulkRNAseq.csv,data/multispecies/arabidopsis/GLDS-120_rna_seq_Normalized_Counts_GLbulkRNAseq.csv
OSD-120,GLDS-120,Atha_Col-0_root_FLT_Alight_Rep3_GSM2493779_Day13,parsed,LEO_or_ISS,Col.0...Space.Flight...Light.Treatment,Col.0|Light.Treatment,Arabidopsis thaliana,3702,thale_cress,plant_tissue,arabidopsis_spaceflight,root,bulk_rna_seq,species_gene_ids_pending,Col.0,arabidopsis_genotype_or_ecotype,,,Light.Treatment,Rep3,spaceflight,ground_control,multispecies_spaceflight,draft_multispecies_spaceflight,arabidopsis_root_light_interaction,local_processed_counts_and_sample_table_present,data/multispecies/arabidopsis/GLDS-120_rna_seq_SampleTable_GLbulkRNAseq.csv,data/multispecies/arabidopsis/GLDS-120_rna_seq_Normalized_Counts_GLbulkRNAseq.csv
OSD-120,GLDS-120,Atha_Ws_root_FLT_Alight_Rep1_GSM2493780_Day13,parsed,LEO_or_ISS,Wassilewskija.ecotype...Space.Flight...Light.Treatment,Wassilewskija.ecotype|Light.Treatment,Arabidopsis thaliana,3702,thale_cress,plant_tissue,arabidopsis_spaceflight,root,bulk_rna_seq,species_gene_ids_pending,Wassilewskija.ecotype,arabidopsis_genotype_or_ecotype,,,Light.Treatment,Rep1,spaceflight,ground_control,multispecies_spaceflight,draft_multispecies_spaceflight,arabidopsis_root_light_interaction,local_processed_counts_and_sample_table_present,data/multispecies/arabidopsis/GLDS-120_rna_seq_SampleTable_GLbulkRNAseq.csv,data/multispecies/arabidopsis/GLDS-120_rna_seq_Normalized_Counts_GLbulkRNAseq.csv
OSD-120,GLDS-120,Atha_Ws_root_FLT_Alight_Rep2_GSM2493781_Day13,parsed,LEO_or_ISS,Wassilewskija.ecotype...Space.Flight...Light.Treatment,Wassilewskija.ecotype|Light.Treatment,Arabidopsis thaliana,3702,thale_cress,plant_tissue,arabidopsis_spaceflight,root,bulk_rna_seq,species_gene_ids_pending,Wassilewskija.ecotype,arabidopsis_genotype_or_ecotype,,,Light.Treatment,Rep2,spaceflight,ground_control,multispecies_spaceflight,draft_multispecies_spaceflight,arabidopsis_root_light_interaction,local_processed_counts_and_sample_table_present,data/multispecies/arabidopsis/GLDS-120_rna_seq_SampleTable_GLbulkRNAseq.csv,data/multispecies/arabidopsis/GLDS-120_rna_seq_Normalized_Counts_GLbulkRNAseq.csv
OSD-120,GLDS-120,Atha_Ws_root_FLT_Alight_Rep3_GSM2493782_Day13,parsed,LEO_or_ISS,Wassilewskija.ecotype...Space.Flight...Light.Treatment,Wassilewskija.ecotype|Light.Treatment,Arabidopsis thaliana,3702,thale_cress,plant_tissue,arabidopsis_spaceflight,root,bulk_rna_seq,species_gene_ids_pending,Wassilewskija.ecotype,arabidopsis_genotype_or_ecotype,,,Light.Treatment,Rep3,spaceflight,ground_control,multispecies_spaceflight,draft_multispecies_spaceflight,arabidopsis_root_light_interaction,local_processed_counts_and_sample_table_present,data/multispecies/arabidopsis/GLDS-120_rna_seq_SampleTable_GLbulkRNAseq.csv,data/multispecies/arabidopsis/GLDS-120_rna_seq_Normalized_Counts_GLbulkRNAseq.csv
OSD-120,GLDS-120,Atha_Col-0-PhyD_root_FLT_Alight_Rep1_GSM2493783_Day13,parsed,LEO_or_ISS,Col.0.PhyD...Space.Flight...Light.Treatment,Col.0.PhyD|Light.Treatment,Arabidopsis thaliana,3702,thale_cress,plant_tissue,arabidopsis_spaceflight,root,bulk_rna_seq,species_gene_ids_pending,Col.0.PhyD,arabidopsis_genotype_or_ecotype,,,Light.Treatment,Rep1,spaceflight,ground_control,multispecies_spaceflight,draft_multispecies_spaceflight,arabidopsis_root_light_interaction,local_processed_counts_and_sample_table_present,data/multispecies/arabidopsis/GLDS-120_rna_seq_SampleTable_GLbulkRNAseq.csv,data/multispecies/arabidopsis/GLDS-120_rna_seq_Normalized_Counts_GLbulkRNAseq.csv
OSD-120,GLDS-120,Atha_Col-0-PhyD_root_FLT_Alight_Rep2_GSM2493784_Day13,parsed,LEO_or_ISS,Col.0.PhyD...Space.Flight...Light.Treatment,Col.0.PhyD|Light.Treatment,Arabidopsis thaliana,3702,thale_cress,plant_tissue,arabidopsis_spaceflight,root,bulk_rna_seq,species_gene_ids_pending,Col.0.PhyD,arabidopsis_genotype_or_ecotype,,,Light.Treatment,Rep2,spaceflight,ground_control,multispecies_spaceflight,draft_multispecies_spaceflight,arabidopsis_root_light_interaction,local_processed_counts_and_sample_table_present,data/multispecies/arabidopsis/GLDS-120_rna_seq_SampleTable_GLbulkRNAseq.csv,data/multispecies/arabidopsis/GLDS-120_rna_seq_Normalized_Counts_GLbulkRNAseq.csv
OSD-120,GLDS-120,Atha_Col-0-PhyD_root_FLT_Alight_Rep3_GSM2493785_Day13,parsed,LEO_or_ISS,Col.0.PhyD...Space.Flight...Light.Treatment,Col.0.PhyD|Light.Treatment,Arabidopsis thaliana,3702,thale_cress,plant_tissue,arabidopsis_spaceflight,root,bulk_rna_seq,species_gene_ids_pending,Col.0.PhyD,arabidopsis_genotype_or_ecotype,,,Light.Treatment,Rep3,spaceflight,ground_control,multispecies_spaceflight,draft_multispecies_spaceflight,arabidopsis_root_light_interaction,local_processed_counts_and_sample_table_present,data/multispecies/arabidopsis/GLDS-120_rna_seq_SampleTable_GLbulkRNAseq.csv,data/multispecies/arabidopsis/GLDS-120_rna_seq_Normalized_Counts_GLbulkRNAseq.csv
OSD-120,GLDS-120,Atha_Col-0_root_FLT_dark_Rep1_GSM2493786_Day13,parsed,LEO_or_ISS,Col.0...Space.Flight...Dark.Treatment,Col.0|Dark.Treatment,Arabidopsis thaliana,3702,thale_cress,plant_tissue,arabidopsis_spaceflight,root,bulk_rna_seq,species_gene_ids_pending,Col.0,arabidopsis_genotype_or_ecotype,,,Dark.Treatment,Rep1,spaceflight,ground_control,multispecies_spaceflight,draft_multispecies_spaceflight,arabidopsis_root_light_interaction,local_processed_counts_and_sample_table_present,data/multispecies/arabidopsis/GLDS-120_rna_seq_SampleTable_GLbulkRNAseq.csv,data/multispecies/arabidopsis/GLDS-120_rna_seq_Normalized_Counts_GLbulkRNAseq.csv
OSD-120,GLDS-120,Atha_Col-0_root_FLT_dark_Rep2_GSM2493787_Day13,parsed,LEO_or_ISS,Col.0...Space.Flight...Dark.Treatment,Col.0|Dark.Treatment,Arabidopsis thaliana,3702,thale_cress,plant_tissue,arabidopsis_spaceflight,root,bulk_rna_seq,species_gene_ids_pending,Col.0,arabidopsis_genotype_or_ecotype,,,Dark.Treatment,Rep2,spaceflight,ground_control,multispecies_spaceflight,draft_multispecies_spaceflight,arabidopsis_root_light_interaction,local_processed_counts_and_sample_table_present,data/multispecies/arabidopsis/GLDS-120_rna_seq_SampleTable_GLbulkRNAseq.csv,data/multispecies/arabidopsis/GLDS-120_rna_seq_Normalized_Counts_GLbulkRNAseq.csv
OSD-120,GLDS-120,Atha_Col-0_root_FLT_dark_Rep3_GSM2493788_Day13,parsed,LEO_or_ISS,Col.0...Space.Flight...Dark.Treatment,Col.0|Dark.Treatment,Arabidopsis thaliana,3702,thale_cress,plant_tissue,arabidopsis_spaceflight,root,bulk_rna_seq,species_gene_ids_pending,Col.0,arabidopsis_genotype_or_ecotype,,,Dark.Treatment,Rep3,spaceflight,ground_control,multispecies_spaceflight,draft_multispecies_spaceflight,arabidopsis_root_light_interaction,local_processed_counts_and_sample_table_present,data/multispecies/arabidopsis/GLDS-120_rna_seq_SampleTable_GLbulkRNAseq.csv,data/multispecies/arabidopsis/GLDS-120_rna_seq_Normalized_Counts_GLbulkRNAseq.csv
OSD-120,GLDS-120,Atha_Ws_root_FLT_dark_Rep1_GSM2493789_Day13,parsed,LEO_or_ISS,Wassilewskija.ecotype...Space.Flight...Dark.Treatment,Wassilewskija.ecotype|Dark.Treatment,Arabidopsis thaliana,3702,thale_cress,plant_tissue,arabidopsis_spaceflight,root,bulk_rna_seq,species_gene_ids_pending,Wassilewskija.ecotype,arabidopsis_genotype_or_ecotype,,,Dark.Treatment,Rep1,spaceflight,ground_control,multispecies_spaceflight,draft_multispecies_spaceflight,arabidopsis_root_light_interaction,local_processed_counts_and_sample_table_present,data/multispecies/arabidopsis/GLDS-120_rna_seq_SampleTable_GLbulkRNAseq.csv,data/multispecies/arabidopsis/GLDS-120_rna_seq_Normalized_Counts_GLbulkRNAseq.csv
OSD-120,GLDS-120,Atha_Ws_root_FLT_dark_Rep2_GSM2493790_Day13,parsed,LEO_or_ISS,Wassilewskija.ecotype...Space.Flight...Dark.Treatment,Wassilewskija.ecotype|Dark.Treatment,Arabidopsis thaliana,3702,thale_cress,plant_tissue,arabidopsis_spaceflight,root,bulk_rna_seq,species_gene_ids_pending,Wassilewskija.ecotype,arabidopsis_genotype_or_ecotype,,,Dark.Treatment,Rep2,spaceflight,ground_control,multispecies_spaceflight,draft_multispecies_spaceflight,arabidopsis_root_light_interaction,local_processed_counts_and_sample_table_present,data/multispecies/arabidopsis/GLDS-120_rna_seq_SampleTable_GLbulkRNAseq.csv,data/multispecies/arabidopsis/GLDS-120_rna_seq_Normalized_Counts_GLbulkRNAseq.csv
OSD-120,GLDS-120,Atha_Ws_root_FLT_dark_Rep3_GSM2493791_Day13,parsed,LEO_or_ISS,Wassilewskija.ecotype...Space.Flight...Dark.Treatment,Wassilewskija.ecotype|Dark.Treatment,Arabidopsis thaliana,3702,thale_cress,plant_tissue,arabidopsis_spaceflight,root,bulk_rna_seq,species_gene_ids_pending,Wassilewskija.ecotype,arabidopsis_genotype_or_ecotype,,,Dark.Treatment,Rep3,spaceflight,ground_control,multispecies_spaceflight,draft_multispecies_spaceflight,arabidopsis_root_light_interaction,local_processed_counts_and_sample_table_present,data/multispecies/arabidopsis/GLDS-120_rna_seq_SampleTable_GLbulkRNAseq.csv,data/multispecies/arabidopsis/GLDS-120_rna_seq_Normalized_Counts_GLbulkRNAseq.csv
OSD-120,GLDS-120,Atha_Col-0-PhyD_root_FLT_dark_Rep1_GSM2493792_Day13,parsed,LEO_or_ISS,Col.0.PhyD...Space.Flight...Dark.Treatment,Col.0.PhyD|Dark.Treatment,Arabidopsis thaliana,3702,thale_cress,plant_tissue,arabidopsis_spaceflight,root,bulk_rna_seq,species_gene_ids_pending,Col.0.PhyD,arabidopsis_genotype_or_ecotype,,,Dark.Treatment,Rep1,spaceflight,ground_control,multispecies_spaceflight,draft_multispecies_spaceflight,arabidopsis_root_light_interaction,local_processed_counts_and_sample_table_present,data/multispecies/arabidopsis/GLDS-120_rna_seq_SampleTable_GLbulkRNAseq.csv,data/multispecies/arabidopsis/GLDS-120_rna_seq_Normalized_Counts_GLbulkRNAseq.csv
OSD-120,GLDS-120,Atha_Col-0-PhyD_root_FLT_dark_Rep2_GSM2493793_Day13,parsed,LEO_or_ISS,Col.0.PhyD...Space.Flight...Dark.Treatment,Col.0.PhyD|Dark.Treatment,Arabidopsis thaliana,3702,thale_cress,plant_tissue,arabidopsis_spaceflight,root,bulk_rna_seq,species_gene_ids_pending,Col.0.PhyD,arabidopsis_genotype_or_ecotype,,,Dark.Treatment,Rep2,spaceflight,ground_control,multispecies_spaceflight,draft_multispecies_spaceflight,arabidopsis_root_light_interaction,local_processed_counts_and_sample_table_present,data/multispecies/arabidopsis/GLDS-120_rna_seq_SampleTable_GLbulkRNAseq.csv,data/multispecies/arabidopsis/GLDS-120_rna_seq_Normalized_Counts_GLbulkRNAseq.csv
OSD-120,GLDS-120,Atha_Col-0-PhyD_root_FLT_dark_Rep3_GSM2493794_Day13,parsed,LEO_or_ISS,Col.0.PhyD...Space.Flight...Dark.Treatment,Col.0.PhyD|Dark.Treatment,Arabidopsis thaliana,3702,thale_cress,plant_tissue,arabidopsis_spaceflight,root,bulk_rna_seq,species_gene_ids_pending,Col.0.PhyD,arabidopsis_genotype_or_ecotype,,,Dark.Treatment,Rep3,spaceflight,ground_control,multispecies_spaceflight,draft_multispecies_spaceflight,arabidopsis_root_light_interaction,local_processed_counts_and_sample_table_present,data/multispecies/arabidopsis/GLDS-120_rna_seq_SampleTable_GLbulkRNAseq.csv,data/multispecies/arabidopsis/GLDS-120_rna_seq_Normalized_Counts_GLbulkRNAseq.csv
OSD-120,GLDS-120,Atha_Col-0_root_GC_Alight_Rep3_GSM2493761_Day13,parsed,Ground,Col.0...Ground.Control...Light.Treatment,Col.0|Light.Treatment,Arabidopsis thaliana,3702,thale_cress,plant_tissue,arabidopsis_spaceflight,root,bulk_rna_seq,species_gene_ids_pending,Col.0,arabidopsis_genotype_or_ecotype,,,Light.Treatment,Rep3,spaceflight,ground_control,multispecies_spaceflight,draft_multispecies_spaceflight,arabidopsis_root_light_interaction,local_processed_counts_and_sample_table_present,data/multispecies/arabidopsis/GLDS-120_rna_seq_SampleTable_GLbulkRNAseq.csv,data/multispecies/arabidopsis/GLDS-120_rna_seq_Normalized_Counts_GLbulkRNAseq.csv
